from_country,to_country,from_group,to_group,w_flow,mult_flow,w_share,mult_share,in_top_w,in_top_mult
AT,AT,Western,Western,0.094595,0.14536,0.001057,6.87e-4,FALSE,FALSE
AT,BE,Western,Western,0.141306,0.210987,0.0015790000000000001,9.98e-4,TRUE,FALSE
AT,BG,Western,CEE,0.083418,0.122203,9.32e-4,5.78e-4,FALSE,FALSE
AT,CY,Western,Southern,0.038944,0.060759,4.35e-4,2.87e-4,FALSE,FALSE
AT,CZ,Western,CEE,0.036472,0.090547,4.08e-4,4.28e-4,FALSE,FALSE
AT,DE,Western,Western,0.606773,1.073967,0.006781,0.005078,TRUE,TRUE
AT,DK,Western,Northern,0.035747,0.059796,4e-4,2.83e-4,FALSE,FALSE
AT,EE,Western,Baltics,0.040136,0.05787,4.49e-4,2.74e-4,FALSE,FALSE
AT,EL,Western,Southern,0.086437,0.58103,9.66e-4,0.002747,FALSE,TRUE
AT,ES,Western,Southern,0.24444,0.487162,0.002732,0.002303,TRUE,TRUE
AT,FI,Western,Northern,0.066968,0.110087,7.48e-4,5.21e-4,FALSE,FALSE
AT,FR,Western,Western,0.523129,0.90667,0.005846,0.004287,TRUE,TRUE
AT,HU,Western,CEE,0.051842,0.32068,5.79e-4,0.001516,FALSE,TRUE
AT,IE,Western,Western,0.031071,0.041772,3.47e-4,1.98e-4,FALSE,FALSE
AT,IT,Western,Southern,0.140021,0.280001,0.001565,0.001324,TRUE,FALSE
AT,LT,Western,Baltics,0.031643,0.101396,3.54e-4,4.79e-4,FALSE,FALSE
AT,LU,Western,Western,0.042231,0.059341,4.72e-4,2.81e-4,FALSE,FALSE
AT,LV,Western,Baltics,0.048411,0.092314,5.41e-4,4.36e-4,FALSE,FALSE
AT,MT,Western,Southern,0.029543,0.06102,3.3e-4,2.89e-4,FALSE,FALSE
AT,NL,Western,Western,0.138718,0.237947,0.00155,0.001125,TRUE,FALSE
AT,PL,Western,CEE,0.126658,0.93143,0.001415,0.004404,TRUE,TRUE
AT,PT,Western,Southern,0.094131,0.159692,0.001052,7.55e-4,FALSE,FALSE
AT,RO,Western,CEE,0.095336,0.597163,0.001065,0.002824,FALSE,TRUE
AT,SE,Western,Northern,0.069151,0.443766,7.73e-4,0.002098,FALSE,TRUE
AT,SI,Western,CEE,0.06406,0.082006,7.16e-4,3.88e-4,FALSE,FALSE
AT,SK,Western,CEE,0.038819,0.05428,4.34e-4,2.57e-4,FALSE,FALSE
BE,AT,Western,Western,0.229626,0.286055,0.002566,0.001353,TRUE,FALSE
BE,BE,Western,Western,0.062682,0.122376,7.01e-4,5.79e-4,FALSE,FALSE
BE,BG,Western,CEE,0.048641,0.098784,5.44e-4,4.67e-4,FALSE,FALSE
BE,CY,Western,Southern,0.027271,0.052397,3.05e-4,2.48e-4,FALSE,FALSE
BE,CZ,Western,CEE,0.018818,0.074886,2.1e-4,3.54e-4,FALSE,FALSE
BE,DE,Western,Western,0.581428,1.095244,0.006498,0.005179,TRUE,TRUE
BE,DK,Western,Northern,0.037595,0.06468,4.2e-4,3.06e-4,FALSE,FALSE
BE,EE,Western,Baltics,0.040309,0.057494,4.5e-4,2.72e-4,FALSE,FALSE
BE,EL,Western,Southern,0.064457,0.553086,7.2e-4,0.002615,FALSE,TRUE
BE,ES,Western,Southern,0.252299,0.511513,0.00282,0.002419,TRUE,TRUE
BE,FI,Western,Northern,0.075152,0.120558,8.4e-4,5.7e-4,FALSE,FALSE
BE,FR,Western,Western,0.560256,0.966317,0.006261,0.004569,TRUE,TRUE
BE,HU,Western,CEE,0.043808,0.292777,4.9e-4,0.001384,FALSE,FALSE
BE,IE,Western,Western,0.036743,0.048415,4.11e-4,2.29e-4,FALSE,FALSE
BE,IT,Western,Southern,0.195503,0.332828,0.002185,0.001574,TRUE,TRUE
BE,LT,Western,Baltics,0.016519,0.078019,1.85e-4,3.69e-4,FALSE,FALSE
BE,LU,Western,Western,0.045826,0.063823,5.12e-4,3.02e-4,FALSE,FALSE
BE,LV,Western,Baltics,0.014982,0.061664,1.67e-4,2.92e-4,FALSE,FALSE
BE,MT,Western,Southern,0.046376,0.07418,5.18e-4,3.51e-4,FALSE,FALSE
BE,NL,Western,Western,0.169456,0.266945,0.001894,0.001262,TRUE,FALSE
BE,PL,Western,CEE,0.087504,0.803994,9.78e-4,0.003802,FALSE,TRUE
BE,PT,Western,Southern,0.099235,0.171023,0.001109,8.09e-4,FALSE,FALSE
BE,RO,Western,CEE,0.055357,0.459542,6.19e-4,0.002173,FALSE,TRUE
BE,SE,Western,Northern,0.132887,0.607103,0.001485,0.002871,TRUE,TRUE
BE,SI,Western,CEE,0.039352,0.068417,4.4e-4,3.23e-4,FALSE,FALSE
BE,SK,Western,CEE,0.017917,0.039401,2e-4,1.86e-4,FALSE,FALSE
BG,AT,CEE,Western,0.045462,0.070778,5.08e-4,3.35e-4,FALSE,FALSE
BG,BE,CEE,Western,0.031516,0.058435,3.52e-4,2.76e-4,FALSE,FALSE
BG,BG,CEE,CEE,0.015762,0.029748,1.76e-4,1.41e-4,FALSE,FALSE
BG,CY,CEE,Southern,0.012488,0.018049,1.4e-4,8.5e-5,FALSE,FALSE
BG,CZ,CEE,CEE,1.000112,0.736636,0.011177,0.003483,TRUE,TRUE
BG,DE,CEE,Western,0.148473,0.302801,0.001659,0.001432,TRUE,FALSE
BG,DK,CEE,Northern,0.008649,0.018485,9.7e-5,8.7e-5,FALSE,FALSE
BG,EE,CEE,Baltics,0.014885,0.027818,1.66e-4,1.32e-4,FALSE,FALSE
BG,EL,CEE,Southern,0.013687,0.226411,1.53e-4,0.001071,FALSE,FALSE
BG,ES,CEE,Southern,0.089587,0.179777,0.001001,8.5e-4,FALSE,FALSE
BG,FI,CEE,Northern,0.024623,0.040721,2.75e-4,1.93e-4,FALSE,FALSE
BG,FR,CEE,Western,0.132152,0.265824,0.001477,0.001257,TRUE,FALSE
BG,HU,CEE,CEE,0.016081,0.480623,1.8e-4,0.002273,FALSE,TRUE
BG,IE,CEE,Western,0.001788,0.006153,2e-5,2.9e-5,FALSE,FALSE
BG,IT,CEE,Southern,0.046896,0.096856,5.24e-4,4.58e-4,FALSE,FALSE
BG,LT,CEE,Baltics,0.021935,0.101254,2.45e-4,4.79e-4,FALSE,FALSE
BG,LU,CEE,Western,0.00491,0.011376,5.5e-5,5.4e-5,FALSE,FALSE
BG,LV,CEE,Baltics,0.086064,0.106674,9.62e-4,5.04e-4,FALSE,FALSE
BG,MT,CEE,Southern,0.003609,0.01284,4e-5,6.1e-5,FALSE,FALSE
BG,NL,CEE,Western,0.046513,0.079041,5.2e-4,3.74e-4,FALSE,FALSE
BG,PL,CEE,CEE,0.131109,1.118748,0.001465,0.00529,TRUE,TRUE
BG,PT,CEE,Southern,0.017038,0.045182,1.9e-4,2.14e-4,FALSE,FALSE
BG,RO,CEE,CEE,0.057429,0.763954,6.42e-4,0.003612,FALSE,TRUE
BG,SE,CEE,Northern,0.008447,0.106511,9.4e-5,5.04e-4,FALSE,FALSE
BG,SI,CEE,CEE,0.012595,0.025143,1.41e-4,1.19e-4,FALSE,FALSE
BG,SK,CEE,CEE,0.008188,0.021843,9.2e-5,1.03e-4,FALSE,FALSE
CY,AT,Southern,Western,0.039398,0.068303,4.4e-4,3.23e-4,FALSE,FALSE
CY,BE,Southern,Western,0.031435,0.05431,3.51e-4,2.57e-4,FALSE,FALSE
CY,BG,Southern,CEE,0.013856,0.026048,1.55e-4,1.23e-4,FALSE,FALSE
CY,CY,Southern,Southern,0,0,0,0,FALSE,FALSE
CY,CZ,Southern,CEE,0.008497,0.021486,9.5e-5,1.02e-4,FALSE,FALSE
CY,DE,Southern,Western,0.14688,0.294562,0.001641,0.001393,TRUE,FALSE
CY,DK,Southern,Northern,0.013851,0.020762,1.55e-4,9.8e-5,FALSE,FALSE
CY,EE,Southern,Baltics,0.004274,0.010553,4.8e-5,5e-5,FALSE,FALSE
CY,EL,Southern,Southern,0.127348,0.428548,0.001423,0.002026,TRUE,TRUE
CY,ES,Southern,Southern,0.080184,0.161009,8.96e-4,7.61e-4,FALSE,FALSE
CY,FI,Southern,Northern,0.02348,0.035496,2.62e-4,1.68e-4,FALSE,FALSE
CY,FR,Southern,Western,0.177629,0.2948,0.001985,0.001394,TRUE,FALSE
CY,HU,Southern,CEE,0.013951,0.083846,1.56e-4,3.96e-4,FALSE,FALSE
CY,IE,Southern,Western,0.001755,0.008104,2e-5,3.8e-5,FALSE,FALSE
CY,IT,Southern,Southern,0.069685,0.1051,7.79e-4,4.97e-4,FALSE,FALSE
CY,LT,Southern,Baltics,0.003255,0.018097,3.6e-5,8.6e-5,FALSE,FALSE
CY,LU,Southern,Western,0.01598,0.021067,1.79e-4,1e-4,FALSE,FALSE
CY,LV,Southern,Baltics,0.004008,0.01574,4.5e-5,7.4e-5,FALSE,FALSE
CY,MT,Southern,Southern,0.009156,0.019126,1.02e-4,9e-5,FALSE,FALSE
CY,NL,Southern,Western,0.05395,0.080086,6.03e-4,3.79e-4,FALSE,FALSE
CY,PL,Southern,CEE,0.075393,0.352286,8.43e-4,0.001666,FALSE,TRUE
CY,PT,Southern,Southern,0.028105,0.047503,3.14e-4,2.25e-4,FALSE,FALSE
CY,RO,Southern,CEE,0.006096,0.106065,6.8e-5,5.02e-4,FALSE,FALSE
CY,SE,Southern,Northern,0.033839,0.162747,3.78e-4,7.7e-4,FALSE,FALSE
CY,SI,Southern,CEE,0.009586,0.017693,1.07e-4,8.4e-5,FALSE,FALSE
CY,SK,Southern,CEE,0.008409,0.013646,9.4e-5,6.5e-5,FALSE,FALSE
CZ,AT,CEE,Western,0,0.005323,0,2.5e-5,FALSE,FALSE
CZ,BE,CEE,Western,0.002917,0.006684,3.3e-5,3.2e-5,FALSE,FALSE
CZ,BG,CEE,CEE,0.031929,0.027159,3.57e-4,1.28e-4,FALSE,FALSE
CZ,CY,CEE,Southern,0.00125,0.002482,1.4e-5,1.2e-5,FALSE,FALSE
CZ,CZ,CEE,CEE,0,0,0,0,FALSE,FALSE
CZ,DE,CEE,Western,0.016111,0.039561,1.8e-4,1.87e-4,FALSE,FALSE
CZ,DK,CEE,Northern,0.00125,0.00262,1.4e-5,1.2e-5,FALSE,FALSE
CZ,EE,CEE,Baltics,0.0025,0.010314,2.8e-5,4.9e-5,FALSE,FALSE
CZ,EL,CEE,Southern,0.042056,0.130316,4.7e-4,6.16e-4,FALSE,FALSE
CZ,ES,CEE,Southern,0.013583,0.023284,1.52e-4,1.1e-4,FALSE,FALSE
CZ,FI,CEE,Northern,0.0065,0.007935,7.3e-5,3.8e-5,FALSE,FALSE
CZ,FR,CEE,Western,0.00575,0.029131,6.4e-5,1.38e-4,FALSE,FALSE
CZ,HU,CEE,CEE,0.239635,0.551356,0.002678,0.002607,TRUE,TRUE
CZ,IE,CEE,Western,0,7.13e-4,0,3e-6,FALSE,FALSE
CZ,IT,CEE,Southern,0.010333,0.017225,1.15e-4,8.1e-5,FALSE,FALSE
CZ,LT,CEE,Baltics,0.051944,0.056966,5.81e-4,2.69e-4,FALSE,FALSE
CZ,LU,CEE,Western,0,0.001381,0,7e-6,FALSE,FALSE
CZ,LV,CEE,Baltics,0.0025,0.031211,2.8e-5,1.48e-4,FALSE,FALSE
CZ,MT,CEE,Southern,0,0.001349,0,6e-6,FALSE,FALSE
CZ,NL,CEE,Western,0.004167,0.009461,4.7e-5,4.5e-5,FALSE,FALSE
CZ,PL,CEE,CEE,0.278758,0.825912,0.003115,0.003905,TRUE,TRUE
CZ,PT,CEE,Southern,0.007,0.009152,7.8e-5,4.3e-5,FALSE,FALSE
CZ,RO,CEE,CEE,0.26104,0.656877,0.002917,0.003106,TRUE,TRUE
CZ,SE,CEE,Northern,0.003111,0.020232,3.5e-5,9.6e-5,FALSE,FALSE
CZ,SI,CEE,CEE,0.007333,0.00789,8.2e-5,3.7e-5,FALSE,FALSE
CZ,SK,CEE,CEE,0.010333,0.010224,1.15e-4,4.8e-5,FALSE,FALSE
DE,AT,Western,Western,0.625551,1.125913,0.006991,0.005324,TRUE,TRUE
DE,BE,Western,Western,0.602996,1.066566,0.006739,0.005043,TRUE,TRUE
DE,BG,Western,CEE,0.141372,0.421371,0.00158,0.001992,TRUE,TRUE
DE,CY,Western,Southern,0.111396,0.241369,0.001245,0.001141,FALSE,FALSE
DE,CZ,Western,CEE,0.064469,0.320247,7.2e-4,0.001514,FALSE,TRUE
DE,DE,Western,Western,5.884601,8.017504,0.065764,0.037909,TRUE,TRUE
DE,DK,Western,Northern,0.164397,0.308837,0.001837,0.00146,TRUE,TRUE
DE,EE,Western,Baltics,0.088852,0.200943,9.93e-4,9.5e-4,FALSE,FALSE
DE,EL,Western,Southern,0.250536,2.536486,0.0028,0.011993,TRUE,TRUE
DE,ES,Western,Southern,0.822597,2.233946,0.009193,0.010563,TRUE,TRUE
DE,FI,Western,Northern,0.35596,0.595158,0.003978,0.002814,TRUE,TRUE
DE,FR,Western,Western,2.408101,4.76067,0.026912,0.02251,TRUE,TRUE
DE,HU,Western,CEE,0.205516,1.461466,0.002297,0.00691,TRUE,TRUE
DE,IE,Western,Western,0.142796,0.226728,0.001596,0.001072,TRUE,FALSE
DE,IT,Western,Southern,0.887518,1.639229,0.009919,0.007751,TRUE,TRUE
DE,LT,Western,Baltics,0.072242,0.33363,8.07e-4,0.001578,FALSE,TRUE
DE,LU,Western,Western,0.153336,0.275786,0.001714,0.001304,TRUE,FALSE
DE,LV,Western,Baltics,0.074085,0.264366,8.28e-4,0.00125,FALSE,FALSE
DE,MT,Western,Southern,0.139899,0.31874,0.001563,0.001507,TRUE,TRUE
DE,NL,Western,Western,0.669296,1.257528,0.00748,0.005946,TRUE,TRUE
DE,PL,Western,CEE,0.745233,5.1885,0.008328,0.024533,TRUE,TRUE
DE,PT,Western,Southern,0.375134,0.776937,0.004192,0.003674,TRUE,TRUE
DE,RO,Western,CEE,0.105042,1.815532,0.001174,0.008584,FALSE,TRUE
DE,SE,Western,Northern,0.598848,3.164758,0.006693,0.014964,TRUE,TRUE
DE,SI,Western,CEE,0.136924,0.307357,0.00153,0.001453,TRUE,FALSE
DE,SK,Western,CEE,0.043303,0.148928,4.84e-4,7.04e-4,FALSE,FALSE
DK,AT,Northern,Western,0.045581000000000003,0.077167,5.09e-4,3.65e-4,FALSE,FALSE
DK,BE,Northern,Western,0.045821,0.06782,5.12e-4,3.21e-4,FALSE,FALSE
DK,BG,Northern,CEE,0.015306,0.031581,1.71e-4,1.49e-4,FALSE,FALSE
DK,CY,Northern,Southern,0.007091,0.017597,7.9e-5,8.3e-5,FALSE,FALSE
DK,CZ,Northern,CEE,0.010005,0.027291,1.12e-4,1.29e-4,FALSE,FALSE
DK,DE,Northern,Western,0.18733,0.347125,0.002094,0.001641,TRUE,TRUE
DK,DK,Northern,Northern,0,0,0,0,FALSE,FALSE
DK,EE,Northern,Baltics,0.00253,0.011139,2.8e-5,5.3e-5,FALSE,FALSE
DK,EL,Northern,Southern,0.015995,0.165747,1.79e-4,7.84e-4,FALSE,FALSE
DK,ES,Northern,Southern,0.108572,0.18737,0.001213,8.86e-4,FALSE,FALSE
DK,FI,Northern,Northern,0.028054,0.042795,3.14e-4,2.02e-4,FALSE,FALSE
DK,FR,Northern,Western,0.176317,0.311707,0.00197,0.001474,TRUE,TRUE
DK,HU,Northern,CEE,0.014424,0.098546,1.61e-4,4.66e-4,FALSE,FALSE
DK,IE,Northern,Western,0.0088940000000000009,0.01341,9.9e-5,6.3e-5,FALSE,FALSE
DK,IT,Northern,Southern,0.044041,0.104289,4.92e-4,4.93e-4,FALSE,FALSE
DK,LT,Northern,Baltics,0.006081,0.021825,6.8e-5,1.03e-4,FALSE,FALSE
DK,LU,Northern,Western,0.013484,0.020275,1.51e-4,9.6e-5,FALSE,FALSE
DK,LV,Northern,Baltics,0.002213,0.015486,2.5e-5,7.3e-5,FALSE,FALSE
DK,MT,Northern,Southern,0.02905,0.033935,3.25e-4,1.6e-4,FALSE,FALSE
DK,NL,Northern,Western,0.076178,0.102768,8.51e-4,4.86e-4,FALSE,FALSE
DK,PL,Northern,CEE,0.049736,0.328936,5.56e-4,0.001555,FALSE,TRUE
DK,PT,Northern,Southern,0.048874,0.070272,5.46e-4,3.32e-4,FALSE,FALSE
DK,RO,Northern,CEE,0.009758,0.123585,1.09e-4,5.84e-4,FALSE,FALSE
DK,SE,Northern,Northern,0.044392,0.211789,4.96e-4,0.001001,FALSE,FALSE
DK,SI,Northern,CEE,0.007197,0.016097,8e-5,7.6e-5,FALSE,FALSE
DK,SK,Northern,CEE,0.003077,0.010371,3.4e-5,4.9e-5,FALSE,FALSE
EE,AT,Baltics,Western,0.010333,0.017038,1.15e-4,8.1e-5,FALSE,FALSE
EE,BE,Baltics,Western,0.002,0.011909,2.2e-5,5.6e-5,FALSE,FALSE
EE,BG,Baltics,CEE,0.0075,0.013793,8.4e-5,6.5e-5,FALSE,FALSE
EE,CY,Baltics,Southern,0,0.003167,0,1.5e-5,FALSE,FALSE
EE,CZ,Baltics,CEE,0,0.0141,0,6.7e-5,FALSE,FALSE
EE,DE,Baltics,Western,0.0735,0.133127,8.21e-4,6.29e-4,FALSE,FALSE
EE,DK,Baltics,Northern,0.003333,0.004507,3.7e-5,2.1e-5,FALSE,FALSE
EE,EE,Baltics,Baltics,0,0,0,0,FALSE,FALSE
EE,EL,Baltics,Southern,0,0.040376,0,1.91e-4,FALSE,FALSE
EE,ES,Baltics,Southern,0.005,0.030286,5.6e-5,1.43e-4,FALSE,FALSE
EE,FI,Baltics,Northern,0.0275,0.027561,3.07e-4,1.3e-4,FALSE,FALSE
EE,FR,Baltics,Western,0.0275,0.069678,3.07e-4,3.29e-4,FALSE,FALSE
EE,HU,Baltics,CEE,0.0295,0.09968,3.3e-4,4.71e-4,FALSE,FALSE
EE,IE,Baltics,Western,0,0.001374,0,6e-6,FALSE,FALSE
EE,IT,Baltics,Southern,0.013333,0.029725,1.49e-4,1.41e-4,FALSE,FALSE
EE,LT,Baltics,Baltics,0.233667,0.247784,0.002611,0.001172,TRUE,FALSE
EE,LU,Baltics,Western,0,0.002392,0,1.1e-5,FALSE,FALSE
EE,LV,Baltics,Baltics,0.129833,0.163282,0.001451,7.72e-4,TRUE,FALSE
EE,MT,Baltics,Southern,0,0.002186,0,1e-5,FALSE,FALSE
EE,NL,Baltics,Western,0.003333,0.016916,3.7e-5,8e-5,FALSE,FALSE
EE,PL,Baltics,CEE,0.013667,0.405126,1.53e-4,0.001916,FALSE,TRUE
EE,PT,Baltics,Southern,0.056667,0.049308,6.33e-4,2.33e-4,FALSE,FALSE
EE,RO,Baltics,CEE,0.3215,0.976754,0.003593,0.004618,TRUE,TRUE
EE,SE,Baltics,Northern,0.028667,0.100392,3.2e-4,4.75e-4,FALSE,FALSE
EE,SI,Baltics,CEE,0.002,0.003848,2.2e-5,1.8e-5,FALSE,FALSE
EE,SK,Baltics,CEE,0.011167,0.020955,1.25e-4,9.9e-5,FALSE,FALSE
EL,AT,Southern,Western,0,0.001634,0,8e-6,FALSE,FALSE
EL,BE,Southern,Western,0,0.002209,0,1e-5,FALSE,FALSE
EL,BG,Southern,CEE,0,0.001531,0,7e-6,FALSE,FALSE
EL,CY,Southern,Southern,0,3.67e-4,0,2e-6,FALSE,FALSE
EL,CZ,Southern,CEE,0,0.00146,0,7e-6,FALSE,FALSE
EL,DE,Southern,Western,0,0.014893,0,7e-5,FALSE,FALSE
EL,DK,Southern,Northern,0,2.32e-4,0,1e-6,FALSE,FALSE
EL,EE,Southern,Baltics,0,4.23e-4,0,2e-6,FALSE,FALSE
EL,EL,Southern,Southern,3.98,8.401194,0.044479,0.039723,TRUE,TRUE
EL,ES,Southern,Southern,0.005,0.021889,5.6e-5,1.03e-4,FALSE,FALSE
EL,FI,Southern,Northern,0,0.00101,0,5e-6,FALSE,FALSE
EL,FR,Southern,Western,0,0.027846,0,1.32e-4,FALSE,FALSE
EL,HU,Southern,CEE,0,0.005066,0,2.4e-5,FALSE,FALSE
EL,IE,Southern,Western,0,2.6e-4,0,1e-6,FALSE,FALSE
EL,IT,Southern,Southern,0.01,0.02891,1.12e-4,1.37e-4,FALSE,FALSE
EL,LT,Southern,Baltics,0,8.92e-4,0,4e-6,FALSE,FALSE
EL,LU,Southern,Western,0,1.95e-4,0,1e-6,FALSE,FALSE
EL,LV,Southern,Baltics,0,0.001194,0,6e-6,FALSE,FALSE
EL,MT,Southern,Southern,0,2.84e-4,0,1e-6,FALSE,FALSE
EL,NL,Southern,Western,0.005,0.015404,5.6e-5,7.3e-5,FALSE,FALSE
EL,PL,Southern,CEE,0,0.01218,0,5.8e-5,FALSE,FALSE
EL,PT,Southern,Southern,0,0.004557,0,2.2e-5,FALSE,FALSE
EL,RO,Southern,CEE,0,0.00578,0,2.7e-5,FALSE,FALSE
EL,SE,Southern,Northern,0,0.007621,0,3.6e-5,FALSE,FALSE
EL,SI,Southern,CEE,0,3.36e-4,0,2e-6,FALSE,FALSE
EL,SK,Southern,CEE,0,1.45e-4,0,1e-6,FALSE,FALSE
ES,AT,Southern,Western,0.225882,0.48557,0.002524,0.002296,TRUE,TRUE
ES,BE,Southern,Western,0.188343,0.408426,0.002105,0.001931,TRUE,TRUE
ES,BG,Southern,CEE,0.072418,0.18562,8.09e-4,8.78e-4,FALSE,FALSE
ES,CY,Southern,Southern,0.128875,0.174755,0.00144,8.26e-4,TRUE,FALSE
ES,CZ,Southern,CEE,0.027705,0.132471,3.1e-4,6.26e-4,FALSE,FALSE
ES,DE,Southern,Western,0.667438,2.015611,0.007459,0.00953,TRUE,TRUE
ES,DK,Southern,Northern,0.104497,0.157703,0.001168,7.46e-4,FALSE,FALSE
ES,EE,Southern,Baltics,0.018354,0.07085,2.05e-4,3.35e-4,FALSE,FALSE
ES,EL,Southern,Southern,0.364712,1.968984,0.004076,0.00931,TRUE,TRUE
ES,ES,Southern,Southern,1.896669,2.132579,0.021197,0.010083,TRUE,TRUE
ES,FI,Southern,Northern,0.148647,0.261744,0.001661,0.001238,TRUE,FALSE
ES,FR,Southern,Western,1.329249,2.417951,0.014855,0.011433,TRUE,TRUE
ES,HU,Southern,CEE,0.056041,0.553669,6.26e-4,0.002618,FALSE,TRUE
ES,IE,Southern,Western,0.011084,0.054439,1.24e-4,2.57e-4,FALSE,FALSE
ES,IT,Southern,Southern,0.54947,0.861132,0.006141,0.004072,TRUE,TRUE
ES,LT,Southern,Baltics,0.008799,0.116367,9.8e-5,5.5e-4,FALSE,FALSE
ES,LU,Southern,Western,0.048884,0.111302,5.46e-4,5.26e-4,FALSE,FALSE
ES,LV,Southern,Baltics,0.010248,0.094697,1.15e-4,4.48e-4,FALSE,FALSE
ES,MT,Southern,Southern,0.048032,0.117616,5.37e-4,5.56e-4,FALSE,FALSE
ES,NL,Southern,Western,0.259964,0.534127,0.002905,0.002526,TRUE,TRUE
ES,PL,Southern,CEE,0.059969,1.346616,6.7e-4,0.006367,FALSE,TRUE
ES,PT,Southern,Southern,0.314075,0.481826,0.00351,0.002278,TRUE,TRUE
ES,RO,Southern,CEE,0.018241,0.688514,2.04e-4,0.003256,FALSE,TRUE
ES,SE,Southern,Northern,0.03374,0.700215,3.77e-4,0.003311,FALSE,TRUE
ES,SI,Southern,CEE,0.06096,0.135788,6.81e-4,6.42e-4,FALSE,FALSE
ES,SK,Southern,CEE,0.027705,0.070333,3.1e-4,3.33e-4,FALSE,FALSE
FI,AT,Northern,Western,0.045387,0.129621,5.07e-4,6.13e-4,FALSE,FALSE
FI,BE,Northern,Western,0.062964,0.121677,7.04e-4,5.75e-4,FALSE,FALSE
FI,BG,Northern,CEE,0.019134,0.054193,2.14e-4,2.56e-4,FALSE,FALSE
FI,CY,Northern,Southern,0.009746,0.028972,1.09e-4,1.37e-4,FALSE,FALSE
FI,CZ,Northern,CEE,0.010362,0.040888,1.16e-4,1.93e-4,FALSE,FALSE
FI,DE,Northern,Western,0.249839,0.612387,0.002792,0.002896,TRUE,TRUE
FI,DK,Northern,Northern,0.032314,0.049271,3.61e-4,2.33e-4,FALSE,FALSE
FI,EE,Northern,Baltics,0.010857,0.024713,1.21e-4,1.17e-4,FALSE,FALSE
FI,EL,Northern,Southern,0.058795,0.451722,6.57e-4,0.002136,FALSE,TRUE
FI,ES,Northern,Southern,0.814309,0.866886,0.0091,0.004099,TRUE,TRUE
FI,FI,Northern,Northern,0.016268,0.032659,1.82e-4,1.54e-4,FALSE,FALSE
FI,FR,Northern,Western,0.179865,0.535779,0.00201,0.002533,TRUE,TRUE
FI,HU,Northern,CEE,0.024007,0.181043,2.68e-4,8.56e-4,FALSE,FALSE
FI,IE,Northern,Western,0.00617,0.018742,6.9e-5,8.9e-5,FALSE,FALSE
FI,IT,Northern,Southern,0.156174,0.251924,0.001745,0.001191,TRUE,FALSE
FI,LT,Northern,Baltics,0.007041,0.038956,7.9e-5,1.84e-4,FALSE,FALSE
FI,LU,Northern,Western,0.013105,0.032275,1.46e-4,1.53e-4,FALSE,FALSE
FI,LV,Northern,Baltics,0.009997,0.032857,1.12e-4,1.55e-4,FALSE,FALSE
FI,MT,Northern,Southern,0.027748,0.044367,3.1e-4,2.1e-4,FALSE,FALSE
FI,NL,Northern,Western,0.045949,0.131856,5.14e-4,6.23e-4,FALSE,FALSE
FI,PL,Northern,CEE,0.079035,0.54135200000000006,8.83e-4,0.00256,FALSE,TRUE
FI,PT,Northern,Southern,0.027977,0.099019,3.13e-4,4.68e-4,FALSE,FALSE
FI,RO,Northern,CEE,0.02295,0.231126,2.56e-4,0.001093,FALSE,FALSE
FI,SE,Northern,Northern,0.038132,0.250972,4.26e-4,0.001187,FALSE,FALSE
FI,SI,Northern,CEE,0.011048,0.030765,1.23e-4,1.45e-4,FALSE,FALSE
FI,SK,Northern,CEE,0.010825,0.023429,1.21e-4,1.11e-4,FALSE,FALSE
FR,AT,Western,Western,0.682684,1.110769,0.007629,0.005252,TRUE,TRUE
FR,BE,Western,Western,0.548306,0.907446,0.006128,0.004291,TRUE,TRUE
FR,BG,Western,CEE,0.209311,0.402837,0.002339,0.001905,TRUE,TRUE
FR,CY,Western,Southern,0.158203,0.260471,0.001768,0.001232,TRUE,FALSE
FR,CZ,Western,CEE,0.069111,0.297521,7.72e-4,0.001407,FALSE,FALSE
FR,DE,Western,Western,2.397539,4.697798,0.026794,0.022213,TRUE,TRUE
FR,DK,Western,Northern,0.153252,0.265075,0.001713,0.001253,TRUE,FALSE
FR,EE,Western,Baltics,0.063145,0.167083,7.06e-4,7.9e-4,FALSE,FALSE
FR,EL,Western,Southern,0.466251,2.852017,0.005211,0.013485,TRUE,TRUE
FR,ES,Western,Southern,1.402568,2.544404,0.015675,0.012031,TRUE,TRUE
FR,FI,Western,Northern,0.266144,0.469862,0.002974,0.002222,TRUE,TRUE
FR,FR,Western,Western,2.702955,4.289592,0.030207,0.020283,TRUE,TRUE
FR,HU,Western,CEE,0.214128,1.335009,0.002393,0.006312,TRUE,TRUE
FR,IE,Western,Western,0.065045,0.140507,7.27e-4,6.64e-4,FALSE,FALSE
FR,IT,Western,Southern,0.866778,1.447307,0.009687,0.006843,TRUE,TRUE
FR,LT,Western,Baltics,0.0899,0.309551,0.001005,0.001464,FALSE,TRUE
FR,LU,Western,Western,0.125553,0.223828,0.001403,0.001058,TRUE,FALSE
FR,LV,Western,Baltics,0.055774,0.235552,6.23e-4,0.001114,FALSE,FALSE
FR,MT,Western,Southern,0.1082,0.243552,0.001209,0.001152,FALSE,FALSE
FR,NL,Western,Western,0.776382,1.199733,0.008677,0.005673,TRUE,TRUE
FR,PL,Western,CEE,0.413362,3.534275,0.00462,0.016711,TRUE,TRUE
FR,PT,Western,Southern,0.386101,0.698619,0.004315,0.003303,TRUE,TRUE
FR,RO,Western,CEE,0.191752,1.789062,0.002143,0.008459,TRUE,TRUE
FR,SE,Western,Northern,0.294037,1.926594,0.003286,0.00911,TRUE,TRUE
FR,SI,Western,CEE,0.189882,0.300753,0.002122,0.001422,TRUE,FALSE
FR,SK,Western,CEE,0.083637,0.160491,9.35e-4,7.59e-4,FALSE,FALSE
HU,AT,CEE,Western,0,0.0024,0,1.1e-5,FALSE,FALSE
HU,BE,CEE,Western,0.0025,0.010264,2.8e-5,4.9e-5,FALSE,FALSE
HU,BG,CEE,CEE,0,0.004025,0,1.9e-5,FALSE,FALSE
HU,CY,CEE,Southern,0,0.001335,0,6e-6,FALSE,FALSE
HU,CZ,CEE,CEE,0.035833,0.082892,4e-4,3.92e-4,FALSE,FALSE
HU,DE,CEE,Western,0.01,0.045849,1.12e-4,2.17e-4,FALSE,FALSE
HU,DK,CEE,Northern,0,0.001626,0,8e-6,FALSE,FALSE
HU,EE,CEE,Baltics,0,9.98e-4,0,5e-6,FALSE,FALSE
HU,EL,CEE,Southern,0.0045,0.07063,5e-5,3.34e-4,FALSE,FALSE
HU,ES,CEE,Southern,0.004,0.017534,4.5e-5,8.3e-5,FALSE,FALSE
HU,FI,CEE,Northern,0,0.001939,0,9e-6,FALSE,FALSE
HU,FR,CEE,Western,0.002,0.019847,2.2e-5,9.4e-5,FALSE,FALSE
HU,HU,CEE,CEE,2.840833,4.681717,0.031748,0.022137,TRUE,TRUE
HU,IE,CEE,Western,0,0.001325,0,6e-6,FALSE,FALSE
HU,IT,CEE,Southern,0.0045,0.013516,5e-5,6.4e-5,FALSE,FALSE
HU,LT,CEE,Baltics,0,0.013608,0,6.4e-5,FALSE,FALSE
HU,LU,CEE,Western,0,9.76e-4,0,5e-6,FALSE,FALSE
HU,LV,CEE,Baltics,0.0025,0.020344,2.8e-5,9.6e-5,FALSE,FALSE
HU,MT,CEE,Southern,0,0.001488,0,7e-6,FALSE,FALSE
HU,NL,CEE,Western,0,0.006307,0,3e-5,FALSE,FALSE
HU,PL,CEE,CEE,0.063167,0.574072,7.06e-4,0.002714,FALSE,TRUE
HU,PT,CEE,Southern,0,0.002958,0,1.4e-5,FALSE,FALSE
HU,RO,CEE,CEE,0.026833,0.225791,3e-4,0.001068,FALSE,FALSE
HU,SE,CEE,Northern,0.003333,0.029598,3.7e-5,1.4e-4,FALSE,FALSE
HU,SI,CEE,CEE,0,0.001734,0,8e-6,FALSE,FALSE
HU,SK,CEE,CEE,0,0.005328,0,2.5e-5,FALSE,FALSE
IE,AT,Western,Western,0,0.027972,0,1.32e-4,FALSE,FALSE
IE,BE,Western,Western,0,0.02725,0,1.29e-4,FALSE,FALSE
IE,BG,Western,CEE,0.465833,0.355744,0.005206,0.001682,TRUE,TRUE
IE,CY,Western,Southern,0,0.005636,0,2.7e-5,FALSE,FALSE
IE,CZ,Western,CEE,0,0.246822,0,0.001167,FALSE,FALSE
IE,DE,Western,Western,0.0475,0.17289,5.31e-4,8.17e-4,FALSE,FALSE
IE,DK,Western,Northern,0.0025,0.014062,2.8e-5,6.6e-5,FALSE,FALSE
IE,EE,Western,Baltics,0,0.007546,0,3.6e-5,FALSE,FALSE
IE,EL,Western,Southern,0,0.109681,0,5.19e-4,FALSE,FALSE
IE,ES,Western,Southern,0,0.071269,0,3.37e-4,FALSE,FALSE
IE,FI,Western,Northern,0.005833,0.020002,6.5e-5,9.5e-5,FALSE,FALSE
IE,FR,Western,Western,0,0.116166,0,5.49e-4,FALSE,FALSE
IE,HU,Western,CEE,0.014167,0.196971,1.58e-4,9.31e-4,FALSE,FALSE
IE,IE,Western,Western,0,0,0,0,FALSE,FALSE
IE,IT,Western,Southern,0.003333,0.042036,3.7e-5,1.99e-4,FALSE,FALSE
IE,LT,Western,Baltics,0,0.024439,0,1.16e-4,FALSE,FALSE
IE,LU,Western,Western,0,0.006144,0,2.9e-5,FALSE,FALSE
IE,LV,Western,Baltics,0,0.01703,0,8.1e-5,FALSE,FALSE
IE,MT,Western,Southern,0.441667,0.32344,0.004936,0.001529,TRUE,TRUE
IE,NL,Western,Western,0.010833,0.037965,1.21e-4,1.8e-4,FALSE,FALSE
IE,PL,Western,CEE,0,0.324817,0,0.001536,FALSE,TRUE
IE,PT,Western,Southern,0,0.023036,0,1.09e-4,FALSE,FALSE
IE,RO,Western,CEE,0.008333,0.222171,9.3e-5,0.00105,FALSE,FALSE
IE,SE,Western,Northern,0,0.066751,0,3.16e-4,FALSE,FALSE
IE,SI,Western,CEE,0,0.008018,0,3.8e-5,FALSE,FALSE
IE,SK,Western,CEE,0,0.00654,0,3.1e-5,FALSE,FALSE
IT,AT,Southern,Western,0.207751,0.372781,0.002322,0.001763,TRUE,TRUE
IT,BE,Southern,Western,0.189175,0.328758,0.002114,0.001554,TRUE,TRUE
IT,BG,Southern,CEE,0.058072,0.138526,0.00064899999999999995,6.55e-4,FALSE,FALSE
IT,CY,Southern,Southern,0.052053,0.097312,5.82e-4,4.6e-4,FALSE,FALSE
IT,CZ,Southern,CEE,0.03876,0.117426,4.33e-4,5.55e-4,FALSE,FALSE
IT,DE,Southern,Western,0.993577,1.848236,0.011104,0.008739,TRUE,TRUE
IT,DK,Southern,Northern,0.060743,0.106926,6.79e-4,5.06e-4,FALSE,FALSE
IT,EE,Southern,Baltics,0.024077,0.060802,2.69e-4,2.87e-4,FALSE,FALSE
IT,EL,Southern,Southern,0.175635,1.07107,0.001963,0.005064,TRUE,TRUE
IT,ES,Southern,Southern,0.515637,0.951142,0.005763,0.004497,TRUE,TRUE
IT,FI,Southern,Northern,0.129029,0.195345,0.001442,9.24e-4,TRUE,FALSE
IT,FR,Southern,Western,1.066189,1.747319,0.011915,0.008262,TRUE,TRUE
IT,HU,Southern,CEE,0.107095,0.547733,0.001197,0.00259,FALSE,TRUE
IT,IE,Southern,Western,0.029509,0.055392,3.3e-4,2.62e-4,FALSE,FALSE
IT,IT,Southern,Southern,0.321513,0.4823,0.003593,0.00228,TRUE,TRUE
IT,LT,Southern,Baltics,0.030089,0.115623,3.36e-4,5.47e-4,FALSE,FALSE
IT,LU,Southern,Western,0.052222,0.093808,5.84e-4,4.44e-4,FALSE,FALSE
IT,LV,Southern,Baltics,0.026175,0.089862,2.93e-4,4.25e-4,FALSE,FALSE
IT,MT,Southern,Southern,0.027042,0.081547,3.02e-4,3.86e-4,FALSE,FALSE
IT,NL,Southern,Western,0.263563,0.434023,0.002945,0.002052,TRUE,TRUE
IT,PL,Southern,CEE,0.166106,1.384011,0.001856,0.006544,TRUE,TRUE
IT,PT,Southern,Southern,0.171354,0.294447,0.001915,0.001392,TRUE,FALSE
IT,RO,Southern,CEE,0.06324,0.654468,7.07e-4,0.003095,FALSE,TRUE
IT,SE,Southern,Northern,0.10807,0.737438,0.001208,0.003487,FALSE,TRUE
IT,SI,Southern,CEE,0.057269,0.107973,6.4e-4,5.11e-4,FALSE,FALSE
IT,SK,Southern,CEE,0.026056,0.057341,2.91e-4,2.71e-4,FALSE,FALSE
LT,AT,Baltics,Western,0,0.001326,0,6e-6,FALSE,FALSE
LT,BE,Baltics,Western,0,8.78e-4,0,4e-6,FALSE,FALSE
LT,BG,Baltics,CEE,0.005833,0.007134,6.5e-5,3.4e-5,FALSE,FALSE
LT,CY,Baltics,Southern,0,2.53e-4,0,1e-6,FALSE,FALSE
LT,CZ,Baltics,CEE,0.003333,0.008313,3.7e-5,3.9e-5,FALSE,FALSE
LT,DE,Baltics,Western,0,0.014965,0,7.1e-5,FALSE,FALSE
LT,DK,Baltics,Northern,0,9.86e-4,0,5e-6,FALSE,FALSE
LT,EE,Baltics,Baltics,0.028333,0.027177,3.17e-4,1.28e-4,FALSE,FALSE
LT,EL,Baltics,Southern,0,0.020055,0,9.5e-5,FALSE,FALSE
LT,ES,Baltics,Southern,0,0.002962,0,1.4e-5,FALSE,FALSE
LT,FI,Baltics,Northern,0,0.002753,0,1.3e-5,FALSE,FALSE
LT,FR,Baltics,Western,0,0.009513,0,4.5e-5,FALSE,FALSE
LT,HU,Baltics,CEE,0.01,0.034541,1.12e-4,1.63e-4,FALSE,FALSE
LT,IE,Baltics,Western,0,2.39e-4,0,1e-6,FALSE,FALSE
LT,IT,Baltics,Southern,0,0.003177,0,1.5e-5,FALSE,FALSE
LT,LT,Baltics,Baltics,0,0,0,0,FALSE,FALSE
LT,LU,Baltics,Western,0,1.65e-4,0,1e-6,FALSE,FALSE
LT,LV,Baltics,Baltics,0.125,0.132884,0.001397,6.28e-4,TRUE,FALSE
LT,MT,Baltics,Southern,0,2.32e-4,0,1e-6,FALSE,FALSE
LT,NL,Baltics,Western,0,0.002365,0,1.1e-5,FALSE,FALSE
LT,PL,Baltics,CEE,0.4925,1.313741,0.005504,0.006212,TRUE,TRUE
LT,PT,Baltics,Southern,0,0.004732,0,2.2e-5,FALSE,FALSE
LT,RO,Baltics,CEE,0.261667,0.786317,0.002924,0.003718,TRUE,TRUE
LT,SE,Baltics,Northern,0,0.008312,0,3.9e-5,FALSE,FALSE
LT,SI,Baltics,CEE,0,5.75e-4,0,3e-6,FALSE,FALSE
LT,SK,Baltics,CEE,0.073333,0.055029,8.2e-4,2.6e-4,FALSE,FALSE
LU,AT,Western,Western,0.030991,0.054078,3.46e-4,2.56e-4,FALSE,FALSE
LU,BE,Western,Western,0.045157,0.061827,5.05e-4,2.92e-4,FALSE,FALSE
LU,BG,Western,CEE,0.020495,0.029559,2.29e-4,1.4e-4,FALSE,FALSE
LU,CY,Western,Southern,0.012546,0.01733,1.4e-4,8.2e-5,FALSE,FALSE
LU,CZ,Western,CEE,0.005173,0.019678,5.8e-5,9.3e-5,FALSE,FALSE
LU,DE,Western,Western,0.139162,0.27555,0.001555,0.001303,TRUE,FALSE
LU,DK,Western,Northern,0.019254,0.023106,2.15e-4,1.09e-4,FALSE,FALSE
LU,EE,Western,Baltics,0.043329,0.041054,4.84e-4,1.94e-4,FALSE,FALSE
LU,EL,Western,Southern,0.02118,0.144898,2.37e-4,6.85e-4,FALSE,FALSE
LU,ES,Western,Southern,0.08093,0.142186,9.04e-4,6.72e-4,FALSE,FALSE
LU,FI,Western,Northern,0.012548,0.026243,1.4e-4,1.24e-4,FALSE,FALSE
LU,FR,Western,Western,0.13073,0.236308,0.001461,0.001117,TRUE,FALSE
LU,HU,Western,CEE,0.009068,0.077704,1.01e-4,3.67e-4,FALSE,FALSE
LU,IE,Western,Western,0.001051,0.006504,1.2e-5,3.1e-5,FALSE,FALSE
LU,IT,Western,Southern,0.049328,0.084885,5.51e-4,4.01e-4,FALSE,FALSE
LU,LT,Western,Baltics,0.019375,0.049645,2.17e-4,2.35e-4,FALSE,FALSE
LU,LU,Western,Western,0,0,0,0,FALSE,FALSE
LU,LV,Western,Baltics,0.026893,0.048979,3.01e-4,2.32e-4,FALSE,FALSE
LU,MT,Western,Southern,0.013089,0.018696,1.46e-4,8.8e-5,FALSE,FALSE
LU,NL,Western,Western,0.025473,0.057935,2.85e-4,2.74e-4,FALSE,FALSE
LU,PL,Western,CEE,0.034296,0.275322,3.83e-4,0.001302,FALSE,FALSE
LU,PT,Western,Southern,0.029837,0.050999,3.33e-4,2.41e-4,FALSE,FALSE
LU,RO,Western,CEE,0.078197,0.317173,8.74e-4,0.0015,FALSE,TRUE
LU,SE,Western,Northern,0.118548,0.373949,0.001325,0.001768,TRUE,TRUE
LU,SI,Western,CEE,0.008839,0.015555,9.9e-5,7.4e-5,FALSE,FALSE
LU,SK,Western,CEE,0.024512,0.024613,2.74e-4,1.16e-4,FALSE,FALSE
LV,AT,Baltics,Western,0,8.37e-4,0,4e-6,FALSE,FALSE
LV,BE,Baltics,Western,0,8.3e-4,0,4e-6,FALSE,FALSE
LV,BG,Baltics,CEE,0,0.004469,0,2.1e-5,FALSE,FALSE
LV,CY,Baltics,Southern,0,1.56e-4,0,1e-6,FALSE,FALSE
LV,CZ,Baltics,CEE,0,0.004557,0,2.2e-5,FALSE,FALSE
LV,DE,Baltics,Western,0,0.011231,0,5.3e-5,FALSE,FALSE
LV,DK,Baltics,Northern,0,6.82e-4,0,3e-6,FALSE,FALSE
LV,EE,Baltics,Baltics,0,0.025015,0,1.18e-4,FALSE,FALSE
LV,EL,Baltics,Southern,0,0.011516,0,5.4e-5,FALSE,FALSE
LV,ES,Baltics,Southern,0,0.002164,0,1e-5,FALSE,FALSE
LV,FI,Baltics,Northern,0.003333,0.004301,3.7e-5,2e-5,FALSE,FALSE
LV,FR,Baltics,Western,0,0.006531,0,3.1e-5,FALSE,FALSE
LV,HU,Baltics,CEE,0,0.015461,0,7.3e-5,FALSE,FALSE
LV,IE,Baltics,Western,0,1.97e-4,0,1e-6,FALSE,FALSE
LV,IT,Baltics,Southern,0,0.002032,0,1e-5,FALSE,FALSE
LV,LT,Baltics,Baltics,0.591667,0.468396,0.006612,0.002215,TRUE,TRUE
LV,LU,Baltics,Western,0,1.14e-4,0,1e-6,FALSE,FALSE
LV,LV,Baltics,Baltics,0,0,0,0,FALSE,FALSE
LV,MT,Baltics,Southern,0,2.09e-4,0,1e-6,FALSE,FALSE
LV,NL,Baltics,Western,0,0.001688,0,8e-6,FALSE,FALSE
LV,PL,Baltics,CEE,0.003333,0.601841,3.7e-5,0.002846,FALSE,TRUE
LV,PT,Baltics,Southern,0,0.001889,0,9e-6,FALSE,FALSE
LV,RO,Baltics,CEE,0.401667,1.208885,0.004489,0.005716,TRUE,TRUE
LV,SE,Baltics,Northern,0,0.005022,0,2.4e-5,FALSE,FALSE
LV,SI,Baltics,CEE,0,3.97e-4,0,2e-6,FALSE,FALSE
LV,SK,Baltics,CEE,0,0.031515,0,1.49e-4,FALSE,FALSE
MT,AT,Southern,Western,0.033239,0.068804,3.71e-4,3.25e-4,FALSE,FALSE
MT,BE,Southern,Western,0.044496,0.067962,4.97e-4,3.21e-4,FALSE,FALSE
MT,BG,Southern,CEE,0.022444,0.045292,2.51e-4,2.14e-4,FALSE,FALSE
MT,CY,Southern,Southern,0.007619,0.014513,8.5e-5,6.9e-5,FALSE,FALSE
MT,CZ,Southern,CEE,0.009676,0.031997,1.08e-4,1.51e-4,FALSE,FALSE
MT,DE,Southern,Western,0.193331,0.348029,0.002161,0.001646,TRUE,TRUE
MT,DK,Southern,Northern,0.029252,0.033362,3.27e-4,1.58e-4,FALSE,FALSE
MT,EE,Southern,Baltics,0.004334,0.012035,4.8e-5,5.7e-5,FALSE,FALSE
MT,EL,Southern,Southern,0.034039,0.208443,3.8e-4,9.86e-4,FALSE,FALSE
MT,ES,Southern,Southern,0.088403,0.171372,9.88e-4,8.1e-4,FALSE,FALSE
MT,FI,Southern,Northern,0.023889,0.038315,2.67e-4,1.81e-4,FALSE,FALSE
MT,FR,Southern,Western,0.172426,0.292643,0.001927,0.001384,TRUE,FALSE
MT,HU,Southern,CEE,0.018544,0.10839,2.07e-4,5.13e-4,FALSE,FALSE
MT,IE,Southern,Western,0.046343,0.040661,5.18e-4,1.92e-4,FALSE,FALSE
MT,IT,Southern,Southern,0.055938,0.099354,6.25e-4,4.7e-4,FALSE,FALSE
MT,LT,Southern,Baltics,0.007429,0.024612,8.3e-5,1.16e-4,FALSE,FALSE
MT,LU,Southern,Western,0.008533,0.016565,9.5e-5,7.8e-5,FALSE,FALSE
MT,LV,Southern,Baltics,0.005302,0.020165,5.9e-5,9.5e-5,FALSE,FALSE
MT,MT,Southern,Southern,0,0,0,0,FALSE,FALSE
MT,NL,Southern,Western,0.035665,0.069854,3.99e-4,3.3e-4,FALSE,FALSE
MT,PL,Southern,CEE,0.066296,0.353143,7.41e-4,0.00167,FALSE,TRUE
MT,PT,Southern,Southern,0.032214,0.052188,3.6e-4,2.47e-4,FALSE,FALSE
MT,RO,Southern,CEE,0.017092,0.143061,1.91e-4,6.76e-4,FALSE,FALSE
MT,SE,Southern,Northern,0.03062,0.163955,3.42e-4,7.75e-4,FALSE,FALSE
MT,SI,Southern,CEE,0.008557,0.016474,9.6e-5,7.8e-5,FALSE,FALSE
MT,SK,Southern,CEE,0.004319,0.010409,4.8e-5,4.9e-5,FALSE,FALSE
NL,AT,Western,Western,0.181424,0.288817,0.002028,0.001366,TRUE,FALSE
NL,BE,Western,Western,0.155985,0.255962,0.001743,0.00121,TRUE,FALSE
NL,BG,Western,CEE,0.041234,0.102109,4.61e-4,4.83e-4,FALSE,FALSE
NL,CY,Western,Southern,0.043796,0.071005,4.89e-4,3.36e-4,FALSE,FALSE
NL,CZ,Western,CEE,0.054407,0.108957,6.08e-4,5.15e-4,FALSE,FALSE
NL,DE,Western,Western,0.737056,1.383021,0.008237,0.006539,TRUE,TRUE
NL,DK,Western,Northern,0.036279,0.069513,4.05e-4,3.29e-4,FALSE,FALSE
NL,EE,Western,Baltics,0.034394,0.061517,3.84e-4,2.91e-4,FALSE,FALSE
NL,EL,Western,Southern,0.247844,1.097575,0.00277,0.00519,TRUE,TRUE
NL,ES,Western,Southern,0.34621,0.66174,0.003869,0.003129,TRUE,TRUE
NL,FI,Western,Northern,0.088281,0.143605,9.87e-4,6.79e-4,FALSE,FALSE
NL,FR,Western,Western,0.727377,1.224643,0.008129,0.00579,TRUE,TRUE
NL,HU,Western,CEE,0.088772,0.456728,9.92e-4,0.00216,FALSE,TRUE
NL,IE,Western,Western,0.02392,0.042123,2.67e-4,1.99e-4,FALSE,FALSE
NL,IT,Western,Southern,0.212018,0.388418,0.002369,0.001837,TRUE,TRUE
NL,LT,Western,Baltics,0.044949,0.116376,5.02e-4,5.5e-4,FALSE,FALSE
NL,LU,Western,Western,0.02823,0.05698,3.15e-4,2.69e-4,FALSE,FALSE
NL,LV,Western,Baltics,0.030149,0.088871,3.37e-4,4.2e-4,FALSE,FALSE
NL,MT,Western,Southern,0.03559,0.072763,3.98e-4,3.44e-4,FALSE,FALSE
NL,NL,Western,Western,0.156116,0.25016,0.001745,0.001183,TRUE,FALSE
NL,PL,Western,CEE,0.228164,1.342987,0.00255,0.00635,TRUE,TRUE
NL,PT,Western,Southern,0.165588,0.23527,0.001851,0.001112,TRUE,FALSE
NL,RO,Western,CEE,0.071077,0.605569,7.94e-4,0.002863,FALSE,TRUE
NL,SE,Western,Northern,0.071572,0.524694,8e-4,0.002481,FALSE,TRUE
NL,SI,Western,CEE,0.117323,0.138786,0.001311,6.56e-4,TRUE,FALSE
NL,SK,Western,CEE,0.032243,0.054504,3.6e-4,2.58e-4,FALSE,FALSE
PL,AT,CEE,Western,0,0,0,0,FALSE,FALSE
PL,BE,CEE,Western,0,0,0,0,FALSE,FALSE
PL,BG,CEE,CEE,0,0,0,0,FALSE,FALSE
PL,CY,CEE,Southern,0,0,0,0,FALSE,FALSE
PL,CZ,CEE,CEE,0,0,0,0,FALSE,FALSE
PL,DE,CEE,Western,0,0,0,0,FALSE,FALSE
PL,DK,CEE,Northern,0,0,0,0,FALSE,FALSE
PL,EE,CEE,Baltics,0,0,0,0,FALSE,FALSE
PL,EL,CEE,Southern,0,0,0,0,FALSE,FALSE
PL,ES,CEE,Southern,0,0,0,0,FALSE,FALSE
PL,FI,CEE,Northern,0,0,0,0,FALSE,FALSE
PL,FR,CEE,Western,0,0,0,0,FALSE,FALSE
PL,HU,CEE,CEE,0,0,0,0,FALSE,FALSE
PL,IE,CEE,Western,0,0,0,0,FALSE,FALSE
PL,IT,CEE,Southern,0,0,0,0,FALSE,FALSE
PL,LT,CEE,Baltics,0,0,0,0,FALSE,FALSE
PL,LU,CEE,Western,0,0,0,0,FALSE,FALSE
PL,LV,CEE,Baltics,0,0,0,0,FALSE,FALSE
PL,MT,CEE,Southern,0,0,0,0,FALSE,FALSE
PL,NL,CEE,Western,0,0,0,0,FALSE,FALSE
PL,PL,CEE,CEE,6.993333,14.836868,0.078155,0.070153,TRUE,TRUE
PL,PT,CEE,Southern,0,0,0,0,FALSE,FALSE
PL,RO,CEE,CEE,0,0,0,0,FALSE,FALSE
PL,SE,CEE,Northern,0.006667,0.026263,7.5e-5,1.24e-4,FALSE,FALSE
PL,SI,CEE,CEE,0,0,0,0,FALSE,FALSE
PL,SK,CEE,CEE,0,0,0,0,FALSE,FALSE
PT,AT,Southern,Western,0.105075,0.188174,0.001174,8.9e-4,FALSE,FALSE
PT,BE,Southern,Western,0.116595,0.185395,0.001303,8.77e-4,TRUE,FALSE
PT,BG,Southern,CEE,0.059707,0.096301,6.67e-4,4.55e-4,FALSE,FALSE
PT,CY,Southern,Southern,0.040015,0.057254,4.47e-4,2.71e-4,FALSE,FALSE
PT,CZ,Southern,CEE,0.029469,0.082525,3.29e-4,3.9e-4,FALSE,FALSE
PT,DE,Southern,Western,0.434846,0.907223,0.00486,0.00429,TRUE,TRUE
PT,DK,Southern,Northern,0.033818,0.059264,3.78e-4,2.8e-4,FALSE,FALSE
PT,EE,Southern,Baltics,0.028893,0.047515,3.23e-4,2.25e-4,FALSE,FALSE
PT,EL,Southern,Southern,0.123481,0.672231,0.00138,0.003179,TRUE,TRUE
PT,ES,Southern,Southern,0.347808,0.592811,0.003887,0.002803,TRUE,TRUE
PT,FI,Southern,Northern,0.057416,0.101422,6.42e-4,4.8e-4,FALSE,FALSE
PT,FR,Southern,Western,0.47719,0.851002,0.005333,0.004024,TRUE,TRUE
PT,HU,Southern,CEE,0.170737,0.592589,0.001908,0.002802,TRUE,TRUE
PT,IE,Southern,Western,0.015217,0.029624,1.7e-4,1.4e-4,FALSE,FALSE
PT,IT,Southern,Southern,0.2025,0.320735,0.002263,0.001517,TRUE,TRUE
PT,LT,Southern,Baltics,0.015969,0.074112,1.78e-4,3.5e-4,FALSE,FALSE
PT,LU,Southern,Western,0.028115,0.049666,3.14e-4,2.35e-4,FALSE,FALSE
PT,LV,Southern,Baltics,0.009475,0.060413,1.06e-4,2.86e-4,FALSE,FALSE
PT,MT,Southern,Southern,0.034071,0.060648,3.81e-4,2.87e-4,FALSE,FALSE
PT,NL,Southern,Western,0.159995,0.249009,0.001788,0.001177,TRUE,FALSE
PT,PL,Southern,CEE,0.115286,0.834587,0.001288,0.003946,TRUE,TRUE
PT,PT,Southern,Southern,0.112606,0.1398,0.001258,6.61e-4,TRUE,FALSE
PT,RO,Southern,CEE,0.134306,0.608298,0.001501,0.002876,TRUE,TRUE
PT,SE,Southern,Northern,0.063713,0.401375,7.12e-4,0.001898,FALSE,TRUE
PT,SI,Southern,CEE,0.055892,0.074012,6.25e-4,3.5e-4,FALSE,FALSE
PT,SK,Southern,CEE,0.027803,0.042312,3.11e-4,2e-4,FALSE,FALSE
RO,AT,CEE,Western,0,0.001565,0,7e-6,FALSE,FALSE
RO,BE,CEE,Western,0,0.00185,0,9e-6,FALSE,FALSE
RO,BG,CEE,CEE,0,0.005628,0,2.7e-5,FALSE,FALSE
RO,CY,CEE,Southern,0,2.64e-4,0,1e-6,FALSE,FALSE
RO,CZ,CEE,CEE,0,0.005781,0,2.7e-5,FALSE,FALSE
RO,DE,CEE,Western,0.0025,0.027103,2.8e-5,1.28e-4,FALSE,FALSE
RO,DK,CEE,Northern,0,0.001021,0,5e-6,FALSE,FALSE
RO,EE,CEE,Baltics,0.04,0.113686,4.47e-4,5.38e-4,FALSE,FALSE
RO,EL,CEE,Southern,0,0.014152,0,6.7e-5,FALSE,FALSE
RO,ES,CEE,Southern,0,0.003334,0,1.6e-5,FALSE,FALSE
RO,FI,CEE,Northern,0,0.006055,0,2.9e-5,FALSE,FALSE
RO,FR,CEE,Western,0,0.01097,0,5.2e-5,FALSE,FALSE
RO,HU,CEE,CEE,0,0.018684,0,8.8e-5,FALSE,FALSE
RO,IE,CEE,Western,0,2.75e-4,0,1e-6,FALSE,FALSE
RO,IT,CEE,Southern,0,0.003236,0,1.5e-5,FALSE,FALSE
RO,LT,CEE,Baltics,0,0.329399,0,0.001558,FALSE,TRUE
RO,LU,CEE,Western,0,2.12e-4,0,1e-6,FALSE,FALSE
RO,LV,CEE,Baltics,0.140833,0.50735,0.001574,0.002399,TRUE,TRUE
RO,MT,CEE,Southern,0,6.92e-4,0,3e-6,FALSE,FALSE
RO,NL,CEE,Western,0,0.002488,0,1.2e-5,FALSE,FALSE
RO,PL,CEE,CEE,0,0.454844,0,0.002151,FALSE,TRUE
RO,PT,CEE,Southern,0,0.00189,0,9e-6,FALSE,FALSE
RO,RO,CEE,CEE,3.816667,6.928045,0.042654,0.032758,TRUE,TRUE
RO,SE,CEE,Northern,0,0.0054729999999999996,0,2.6e-5,FALSE,FALSE
RO,SI,CEE,CEE,0,7e-4,0,3e-6,FALSE,FALSE
RO,SK,CEE,CEE,0,0.032377,0,1.53e-4,FALSE,FALSE
SE,AT,Northern,Western,0.005,0.014822,5.6e-5,7e-5,FALSE,FALSE
SE,BE,Northern,Western,0,0.001424,0,7e-6,FALSE,FALSE
SE,BG,Northern,CEE,0,0.001202,0,6e-6,FALSE,FALSE
SE,CY,Northern,Southern,0,4.6e-4,0,2e-6,FALSE,FALSE
SE,CZ,Northern,CEE,0,5.45e-4,0,3e-6,FALSE,FALSE
SE,DE,Northern,Western,0.01,0.048263,1.12e-4,2.28e-4,FALSE,FALSE
SE,DK,Northern,Northern,0,3.82e-4,0,2e-6,FALSE,FALSE
SE,EE,Northern,Baltics,0,0.001806,0,9e-6,FALSE,FALSE
SE,EL,Northern,Southern,0,0.009351,0,4.4e-5,FALSE,FALSE
SE,ES,Northern,Southern,0,0.00763,0,3.6e-5,FALSE,FALSE
SE,FI,Northern,Northern,0,7.69e-4,0,4e-6,FALSE,FALSE
SE,FR,Northern,Western,0,0.008214,0,3.9e-5,FALSE,FALSE
SE,HU,Northern,CEE,0,0.001538,0,7e-6,FALSE,FALSE
SE,IE,Northern,Western,0,4.14e-4,0,2e-6,FALSE,FALSE
SE,IT,Northern,Southern,0,0.008447,0,4e-5,FALSE,FALSE
SE,LT,Northern,Baltics,0,6.91e-4,0,3e-6,FALSE,FALSE
SE,LU,Northern,Western,0.005,0.010934,5.6e-5,5.2e-5,FALSE,FALSE
SE,LV,Northern,Baltics,0,7.2e-4,0,3e-6,FALSE,FALSE
SE,MT,Northern,Southern,0,6.55e-4,0,3e-6,FALSE,FALSE
SE,NL,Northern,Western,0,0.002163,0,1e-5,FALSE,FALSE
SE,PL,Northern,CEE,0.03,0.233433,3.35e-4,0.001104,FALSE,FALSE
SE,PT,Northern,Southern,0,0.001946,0,9e-6,FALSE,FALSE
SE,RO,Northern,CEE,0,0.008153,0,3.9e-5,FALSE,FALSE
SE,SE,Northern,Northern,2.95,5.264844,0.032968,0.024894,TRUE,TRUE
SE,SI,Northern,CEE,0,4.37e-4,0,2e-6,FALSE,FALSE
SE,SK,Northern,CEE,0,6.33e-4,0,3e-6,FALSE,FALSE
SI,AT,CEE,Western,0.031749,0.056645,3.55e-4,2.68e-4,FALSE,FALSE
SI,BE,CEE,Western,0.029966,0.053765,3.35e-4,2.54e-4,FALSE,FALSE
SI,BG,CEE,CEE,0.020674,0.030188,2.31e-4,1.43e-4,FALSE,FALSE
SI,CY,CEE,Southern,0.010097,0.016564,1.13e-4,7.8e-5,FALSE,FALSE
SI,CZ,CEE,CEE,0.009896,0.027553,1.11e-4,1.3e-4,FALSE,FALSE
SI,DE,CEE,Western,0.173697,0.306877,0.001941,0.001451,TRUE,FALSE
SI,DK,CEE,Northern,0.009884,0.016332,1.1e-4,7.7e-5,FALSE,FALSE
SI,EE,CEE,Baltics,0.01628,0.021587,1.82e-4,1.02e-4,FALSE,FALSE
SI,EL,CEE,Southern,0.058053,0.240035,0.00064899999999999995,0.001135,FALSE,FALSE
SI,ES,CEE,Southern,0.080213,0.147124,8.96e-4,6.96e-4,FALSE,FALSE
SI,FI,CEE,Northern,0.016197,0.027888,1.81e-4,1.32e-4,FALSE,FALSE
SI,FR,CEE,Western,0.133107,0.242643,0.001488,0.001147,TRUE,FALSE
SI,HU,CEE,CEE,0.044941,0.152981,5.02e-4,7.23e-4,FALSE,FALSE
SI,IE,CEE,Western,0.006928,0.010413,7.7e-5,4.9e-5,FALSE,FALSE
SI,IT,CEE,Southern,0.045208,0.082494,5.05e-4,3.9e-4,FALSE,FALSE
SI,LT,CEE,Baltics,0.021086,0.041788,2.36e-4,1.98e-4,FALSE,FALSE
SI,LU,CEE,Western,0.016453,0.019787,1.84e-4,9.4e-5,FALSE,FALSE
SI,LV,CEE,Baltics,0.013847,0.031886,1.55e-4,1.51e-4,FALSE,FALSE
SI,MT,CEE,Southern,0.008851,0.016427,9.9e-5,7.8e-5,FALSE,FALSE
SI,NL,CEE,Western,0.040923,0.066504,4.57e-4,3.14e-4,FALSE,FALSE
SI,PL,CEE,CEE,0.057179,0.335478,6.39e-4,0.001586,FALSE,TRUE
SI,PT,CEE,Southern,0.026783,0.046043,2.99e-4,2.18e-4,FALSE,FALSE
SI,RO,CEE,CEE,0.07393,0.289016,8.26e-4,0.001367,FALSE,FALSE
SI,SE,CEE,Northern,0.030141,0.156635,3.37e-4,7.41e-4,FALSE,FALSE
SI,SI,CEE,CEE,0,0,0,0,FALSE,FALSE
SI,SK,CEE,CEE,0.023919,0.024766,2.67e-4,1.17e-4,FALSE,FALSE
SK,AT,CEE,Western,0.005833,0.015213,6.5e-5,7.2e-5,FALSE,FALSE
SK,BE,CEE,Western,0,0.010839,0,5.1e-5,FALSE,FALSE
SK,BG,CEE,CEE,0.030861,0.027299,3.45e-4,1.29e-4,FALSE,FALSE
SK,CY,CEE,Southern,0.025278,0.02078,2.82e-4,9.8e-5,FALSE,FALSE
SK,CZ,CEE,CEE,0.010833,0.023624,1.21e-4,1.12e-4,FALSE,FALSE
SK,DE,CEE,Western,0.011623,0.077861,1.3e-4,3.68e-4,FALSE,FALSE
SK,DK,CEE,Northern,0.005833,0.007375,6.5e-5,3.5e-5,FALSE,FALSE
SK,EE,CEE,Baltics,0.071472,0.06454,7.99e-4,3.05e-4,FALSE,FALSE
SK,EL,CEE,Southern,0.057817,0.177469,6.46e-4,8.39e-4,FALSE,FALSE
SK,ES,CEE,Southern,0.005611,0.045125,6.3e-5,2.13e-4,FALSE,FALSE
SK,FI,CEE,Northern,0.011012,0.016479,1.23e-4,7.8e-5,FALSE,FALSE
SK,FR,CEE,Western,0.064567,0.103392,7.22e-4,4.89e-4,FALSE,FALSE
SK,HU,CEE,CEE,0.00254,0.044372,2.8e-5,2.1e-4,FALSE,FALSE
SK,IE,CEE,Western,0,0.001591,0,8e-6,FALSE,FALSE
SK,IT,CEE,Southern,0.010012,0.029422,1.12e-4,1.39e-4,FALSE,FALSE
SK,LT,CEE,Baltics,0.105429,0.136845,0.001178,6.47e-4,FALSE,FALSE
SK,LU,CEE,Western,0.02125,0.017639,2.37e-4,8.3e-5,FALSE,FALSE
SK,LV,CEE,Baltics,0.058206,0.099019,6.5e-4,4.68e-4,FALSE,FALSE
SK,MT,CEE,Southern,0.003333,0.004976,3.7e-5,2.4e-5,FALSE,FALSE
SK,NL,CEE,Western,0,0.022435,0,1.06e-4,FALSE,FALSE
SK,PL,CEE,CEE,0.004762,0.250838,5.3e-5,0.001186,FALSE,FALSE
SK,PT,CEE,Southern,0.060833,0.05949,6.8e-4,2.81e-4,FALSE,FALSE
SK,RO,CEE,CEE,0.383115,1.069494,0.004282,0.005057,TRUE,TRUE
SK,SE,CEE,Northern,0.048667,0.15007,5.44e-4,7.1e-4,FALSE,FALSE
SK,SI,CEE,CEE,0.001111,0.004928,1.2e-5,2.3e-5,FALSE,FALSE
SK,SK,CEE,CEE,0,0,0,0,FALSE,FALSE
