former_dis,dist,year,div,yld,pop91,rainm,rainsd,jamuna_m,padma_m,treat,smp1,treatd,mdist,lmdist,lpop91,lrainm,lrainsd,p,ipw1,ipw2,lyld,D_lyld,lpop91_t,lmdist_t,post,sr,lr,treat_post,treat_sr,treat_lr,band,dm_near,sr_near,lr_near,tsr_near,tlr_near,dm_mid,sr_mid,lr_mid,tsr_mid,tlr_mid,dm_far,sr_far,lr_far,tsr_far,tlr_far
2,2,1,1.0,2.5063622109099777,106530480.0,58.777428,57.012592,210431.14,97299.266,0,0.0,0.0,97.29926,0.45880166,18.48394169935025,4.073758,4.043272,0.5219734557359015,1.3103208480762272,1.5806211646326673,0.9188323835033956,,18.48394169935025,0.45880166,0,0,0,0.0,0.0,0.0,near,1.0,0.0,0.0,0.0,0.0,0.0,0.0,0.0,0.0,0.0,0.0,0.0,0.0,0.0,0.0
2,2,2,1.0,2.634180321485475,106530480.0,61.983543,61.028595,210431.14,97299.266,0,0.0,0.0,97.29926,0.45880166,18.48394169935025,4.1268687,4.1113424,0.5219734557359015,1.3103208480762272,1.5806211646326673,0.9685720601598994,0.049739676656503806,36.9678833987005,0.9176033,0,0,0,0.0,0.0,0.0,near,1.0,0.0,0.0,0.0,0.0,0.0,0.0,0.0,0.0,0.0,0.0,0.0,0.0,0.0,0.0
2,2,3,1.0,2.4722346761217,106530480.0,55.68806,55.07233,210431.14,97299.266,0,0.0,0.0,97.29926,0.45880166,18.48394169935025,4.019766,4.0086474,0.5219734557359015,1.3103208480762272,1.5806211646326673,0.9051224687957145,-0.06344959136418493,55.45182509805075,1.376405,0,0,0,0.0,0.0,0.0,near,1.0,0.0,0.0,0.0,0.0,0.0,0.0,0.0,0.0,0.0,0.0,0.0,0.0,0.0,0.0
2,2,4,1.0,3.010941035056685,106530480.0,59.539795,61.315655,210431.14,97299.266,0,0.0,0.0,97.29926,0.45880166,18.48394169935025,4.086645,4.116035,0.5219734557359015,1.3103208480762272,1.5806211646326673,1.102252666131718,0.19713019733600357,73.935766797401,1.8352066,1,1,0,0.0,0.0,0.0,near,1.0,1.0,0.0,0.0,0.0,0.0,0.0,0.0,0.0,0.0,0.0,0.0,0.0,0.0,0.0
2,2,5,1.0,3.0340298413875537,106530480.0,59.578827,57.16111,210431.14,97299.266,0,0.0,0.0,97.29926,0.45880166,18.48394169935025,4.0873003,4.0458736,0.5219734557359015,1.3103208480762272,1.5806211646326673,1.1098917165363602,0.007639050404642189,92.41970849675126,2.2940083,1,1,0,0.0,0.0,0.0,near,1.0,1.0,0.0,0.0,0.0,0.0,0.0,0.0,0.0,0.0,0.0,0.0,0.0,0.0,0.0
2,2,6,1.0,3.286224240082595,106530480.0,62.762424,62.607613,210431.14,97299.266,0,0.0,0.0,97.29926,0.45880166,18.48394169935025,4.1393566,4.136887,0.5219734557359015,1.3103208480762272,1.5806211646326673,1.189739258334417,0.07984754179805686,110.9036501961015,2.75281,1,0,1,0.0,0.0,0.0,near,1.0,0.0,1.0,0.0,0.0,0.0,0.0,0.0,0.0,0.0,0.0,0.0,0.0,0.0,0.0
2,2,7,1.0,3.5295,106530480.0,55.2465,54.820797,210431.14,97299.266,0,0.0,0.0,97.29926,0.45880166,18.48394169935025,4.011805,4.00407,0.5219734557359015,1.3103208480762272,1.5806211646326673,1.26115621785339,0.07141695951897287,129.38759189545175,3.2116115,1,0,1,0.0,0.0,0.0,near,1.0,0.0,1.0,0.0,0.0,0.0,0.0,0.0,0.0,0.0,0.0,0.0,0.0,0.0,0.0
2,2,8,1.0,3.3394166666666667,106530480.0,59.42014,60.73058,210431.14,97299.266,0,0.0,0.0,97.29926,0.45880166,18.48394169935025,4.0846334,4.106447,0.5219734557359015,1.3103208480762272,1.5806211646326673,1.205796141036797,-0.05536007681659294,147.871533594802,3.6704133,1,0,1,0.0,0.0,0.0,near,1.0,0.0,1.0,0.0,0.0,0.0,0.0,0.0,0.0,0.0,0.0,0.0,0.0,0.0,0.0
3,3,1,5.0,2.6692882003660365,72153270.0,50.131283,51.154213,83865.32,199057.22,1,1.0,0.0,83.86532,0.44410652,18.094303164402454,3.9146452,3.934845,0.31664484127715026,1.0,1.0,0.9818118452470872,,18.094303164402454,0.44410652,0,0,0,0.0,0.0,0.0,near,1.0,0.0,0.0,0.0,0.0,0.0,0.0,0.0,0.0,0.0,0.0,0.0,0.0,0.0,0.0
3,3,2,5.0,2.7547493590703946,72153270.0,38.754726,42.411915,83865.32,199057.22,1,1.0,0.0,83.86532,0.44410652,18.094303164402454,3.6572528,3.7474294,0.31664484127715026,1.0,1.0,1.0133264617222844,0.031514616475197155,36.18860632880491,0.88821304,0,0,0,0.0,0.0,0.0,near,1.0,0.0,0.0,0.0,0.0,0.0,0.0,0.0,0.0,0.0,0.0,0.0,0.0,0.0,0.0
3,3,3,5.0,2.8953410864170572,72153270.0,40.311283,43.070473,83865.32,199057.22,1,1.0,0.0,83.86532,0.44410652,18.094303164402454,3.6966314,3.7628376,0.31664484127715026,1.0,1.0,1.0631029232271627,0.049776461504878355,54.28290949320736,1.3323195,0,0,0,0.0,0.0,0.0,near,1.0,0.0,0.0,0.0,0.0,0.0,0.0,0.0,0.0,0.0,0.0,0.0,0.0,0.0,0.0
3,3,4,5.0,3.0106490326634745,72153270.0,47.839264,47.710064,83865.32,199057.22,1,1.0,0.0,83.86532,0.44410652,18.094303164402454,3.8678467,3.8651423,0.31664484127715026,1.0,1.0,1.102155680986547,0.039052757759384216,72.37721265760982,1.7764261,1,1,0,1.0,1.0,0.0,near,1.0,1.0,0.0,1.0,0.0,0.0,0.0,0.0,0.0,0.0,0.0,0.0,0.0,0.0,0.0
3,3,5,5.0,3.185203366689109,72153270.0,50.275482,49.454212,83865.32,199057.22,1,1.0,0.0,83.86532,0.44410652,18.094303164402454,3.9175174,3.9010472,0.31664484127715026,1.0,1.0,1.158516138379468,0.05636045739292106,90.47151582201226,2.2205327,1,1,0,1.0,1.0,0.0,near,1.0,1.0,0.0,1.0,0.0,0.0,0.0,0.0,0.0,0.0,0.0,0.0,0.0,0.0,0.0
3,3,6,5.0,3.5172749315860483,72153270.0,49.30241,50.573868,83865.32,199057.22,1,1.0,0.0,83.86532,0.44410652,18.094303164402454,3.897973,3.923435,0.31664484127715026,1.0,1.0,1.2576865226248015,0.09917038424533353,108.56581898641473,2.664639,1,0,1,1.0,0.0,1.0,near,1.0,0.0,1.0,0.0,1.0,0.0,0.0,0.0,0.0,0.0,0.0,0.0,0.0,0.0,0.0
3,3,7,5.0,3.813333333333333,72153270.0,43.778664,44.96287,83865.32,199057.22,1,1.0,0.0,83.86532,0.44410652,18.094303164402454,3.7791467,3.8058372,0.31664484127715026,1.0,1.0,1.338503697283542,0.0808171746587405,126.66012215081719,3.1087456,1,0,1,1.0,0.0,1.0,near,1.0,0.0,1.0,0.0,1.0,0.0,0.0,0.0,0.0,0.0,0.0,0.0,0.0,0.0,0.0
3,3,8,5.0,3.8860000000000006,72153270.0,44.73339,46.704258,83865.32,199057.22,1,1.0,0.0,83.86532,0.44410652,18.094303164402454,3.8007202,3.8438354,0.31664484127715026,1.0,1.0,1.3573803509552484,0.018876653671706434,144.75442531521963,3.5528522,1,0,1,1.0,0.0,1.0,near,1.0,0.0,1.0,0.0,1.0,0.0,0.0,0.0,0.0,0.0,0.0,0.0,0.0,0.0,0.0
7,7,1,5.0,2.5716386855861484,83540100.0,62.313644,68.661194,212285.6,328841.7,1,1.0,0.0,212.2856,0.5362632,18.24083731406395,4.13218,4.229184,0.5028051661391957,1.0,1.0,0.9445433165639644,,18.24083731406395,0.5362632,0,0,0,0.0,0.0,0.0,far,0.0,0.0,0.0,0.0,0.0,0.0,0.0,0.0,0.0,0.0,1.0,0.0,0.0,0.0,0.0
7,7,2,5.0,2.909346519420065,83540100.0,46.9755,55.458115,212285.6,328841.7,1,1.0,0.0,212.2856,0.5362632,18.24083731406395,3.849626,4.015628,0.5028051661391957,1.0,1.0,1.067928492192008,0.12338517562804363,36.4816746281279,1.0725265,0,0,0,0.0,0.0,0.0,far,0.0,0.0,0.0,0.0,0.0,0.0,0.0,0.0,0.0,0.0,1.0,0.0,0.0,0.0,0.0
7,7,3,5.0,2.580517620646962,83540100.0,52.056156,59.525955,212285.6,328841.7,1,1.0,0.0,212.2856,0.5362632,18.24083731406395,3.952323,4.0864124,0.5028051661391957,1.0,1.0,0.947990006968126,-0.11993848522388206,54.722511942191844,1.6087897,0,0,0,0.0,0.0,0.0,far,0.0,0.0,0.0,0.0,0.0,0.0,0.0,0.0,0.0,0.0,1.0,0.0,0.0,0.0,0.0
7,7,4,5.0,2.7357720454659016,83540100.0,57.060745,59.729324,212285.6,328841.7,1,1.0,0.0,212.2856,0.5362632,18.24083731406395,4.0441165,4.0898232,0.5028051661391957,1.0,1.0,1.0064136795735945,0.058423672605468546,72.9633492562558,2.145053,1,1,0,1.0,1.0,0.0,far,0.0,0.0,0.0,0.0,0.0,0.0,0.0,0.0,0.0,0.0,1.0,1.0,0.0,1.0,0.0
7,7,5,5.0,3.0117766907767245,83540100.0,62.54277,66.58178,212285.6,328841.7,1,1.0,0.0,212.2856,0.5362632,18.24083731406395,4.1358504,4.198431,0.5028051661391957,1.0,1.0,1.1025301673407877,0.09611648776719317,91.20418657031975,2.6813161,1,1,0,1.0,1.0,0.0,far,0.0,0.0,0.0,0.0,0.0,0.0,0.0,0.0,0.0,0.0,1.0,1.0,0.0,1.0,0.0
7,7,6,5.0,3.498872512043043,83540100.0,59.177338,66.025604,212285.6,328841.7,1,1.0,0.0,212.2856,0.5362632,18.24083731406395,4.0805387,4.1900425,0.5028051661391957,1.0,1.0,1.2524407771810468,0.14991060984025917,109.44502388438369,3.2175794,1,0,1,1.0,0.0,1.0,far,0.0,0.0,0.0,0.0,0.0,0.0,0.0,0.0,0.0,0.0,1.0,0.0,1.0,0.0,1.0
7,7,7,5.0,3.8548888888888886,83540100.0,55.393288,62.928974,212285.6,328841.7,1,1.0,0.0,212.2856,0.5362632,18.24083731406395,4.0144587,4.142007,0.5028051661391957,1.0,1.0,1.3493421840029978,0.09690140682195092,127.68586119844764,3.7538426,1,0,1,1.0,0.0,1.0,far,0.0,0.0,0.0,0.0,0.0,0.0,0.0,0.0,0.0,0.0,1.0,0.0,1.0,0.0,1.0
7,7,8,5.0,3.780888888888889,83540100.0,55.894802,62.230885,212285.6,328841.7,1,1.0,0.0,212.2856,0.5362632,18.24083731406395,4.0234714,4.1308513,0.5028051661391957,1.0,1.0,1.3299591377774187,-0.01938304622557907,145.9266985125116,4.290106,1,0,1,1.0,0.0,1.0,far,0.0,0.0,0.0,0.0,0.0,0.0,0.0,0.0,0.0,0.0,1.0,0.0,1.0,0.0,1.0
8,8,1,3.0,3.313923368217268,114150120.0,50.209595,45.629272,122703.76,44645.977,0,0.0,0.0,44.645977,0.38209155,18.553024982187882,3.9162061,3.8205495,,,,1.1981327950850142,,18.553024982187882,0.38209155,0,0,0,0.0,0.0,0.0,near,1.0,0.0,0.0,0.0,0.0,0.0,0.0,0.0,0.0,0.0,0.0,0.0,0.0,0.0,0.0
8,8,2,3.0,3.1495300269462185,114150120.0,48.96043,46.284405,122703.76,44645.977,0,0.0,0.0,44.645977,0.38209155,18.553024982187882,3.8910124,3.834805,,,,1.1472532439115923,-0.05087955117342191,37.106049964375764,0.7641831,0,0,0,0.0,0.0,0.0,near,1.0,0.0,0.0,0.0,0.0,0.0,0.0,0.0,0.0,0.0,0.0,0.0,0.0,0.0,0.0
8,8,3,3.0,3.021069555931248,114150120.0,46.380196,43.681225,122703.76,44645.977,0,0.0,0.0,44.645977,0.38209155,18.553024982187882,3.8368726,3.7769184,,,,1.1056109262809095,-0.041642317630682824,55.65907494656365,1.1462747,0,0,0,0.0,0.0,0.0,near,1.0,0.0,0.0,0.0,0.0,0.0,0.0,0.0,0.0,0.0,0.0,0.0,0.0,0.0,0.0
8,8,4,3.0,3.5192037197476576,114150120.0,52.85551,51.336643,122703.76,44645.977,0,0.0,0.0,44.645977,0.38209155,18.553024982187882,3.967562,3.9384048,,,,1.2582347480385323,0.1526238217576228,74.21209992875153,1.5283662,1,1,0,0.0,0.0,0.0,near,1.0,1.0,0.0,0.0,0.0,0.0,0.0,0.0,0.0,0.0,0.0,0.0,0.0,0.0,0.0
8,8,5,3.0,3.8356290786345246,114150120.0,51.356438,47.55432,122703.76,44645.977,0,0.0,0.0,44.645977,0.38209155,18.553024982187882,3.9387903,3.8618727,,,,1.3443334575165722,0.08609870947803988,92.7651249109394,1.9104577,1,1,0,0.0,0.0,0.0,near,1.0,1.0,0.0,0.0,0.0,0.0,0.0,0.0,0.0,0.0,0.0,0.0,0.0,0.0,0.0
8,8,6,3.0,3.95363092396196,114150120.0,56.367207,54.560394,122703.76,44645.977,0,0.0,0.0,44.645977,0.38209155,18.553024982187882,4.0318875,3.9993083,,,,1.3746343779440897,0.03030092042751753,111.3181498931273,2.2925494,1,0,1,0.0,0.0,0.0,near,1.0,0.0,1.0,0.0,0.0,0.0,0.0,0.0,0.0,0.0,0.0,0.0,0.0,0.0,0.0
8,8,7,3.0,4.017333333333333,114150120.0,47.88025,44.873276,122703.76,44645.977,0,0.0,0.0,44.645977,0.38209155,18.553024982187882,3.8687031,3.8038425,,,,1.390618332599945,0.015983954655855337,129.87117487531518,2.674641,1,0,1,0.0,0.0,0.0,near,1.0,0.0,1.0,0.0,0.0,0.0,0.0,0.0,0.0,0.0,0.0,0.0,0.0,0.0,0.0
8,8,8,3.0,4.336266666666667,114150120.0,50.37916,49.308495,122703.76,44645.977,0,0.0,0.0,44.645977,0.38209155,18.553024982187882,3.9195776,3.8980963,,,,1.467013762861266,0.076395430261321,148.42419985750306,3.0567324,1,0,1,0.0,0.0,0.0,near,1.0,0.0,1.0,0.0,0.0,0.0,0.0,0.0,0.0,0.0,0.0,0.0,0.0,0.0,0.0
10,10,1,4.0,3.0819705380944384,99263220.0,43.975227,41.72976,134053.0,97950.44,0,0.0,0.0,97.95044,0.45946193,18.41328566765382,3.7836266,3.7312145,0.4875258990089156,1.1415817456517212,1.406109096679529,1.1255691775058472,,18.41328566765382,0.45946193,0,0,0,0.0,0.0,0.0,mid,0.0,0.0,0.0,0.0,0.0,1.0,0.0,0.0,0.0,0.0,0.0,0.0,0.0,0.0,0.0
10,10,2,4.0,2.9782100723915366,99263220.0,42.736824,41.452282,134053.0,97950.44,0,0.0,0.0,97.95044,0.45946193,18.41328566765382,3.755061,3.7245429,0.4875258990089156,1.1415817456517212,1.406109096679529,1.0913224732082514,-0.0342467042975958,36.82657133530764,0.91892385,0,0,0,0.0,0.0,0.0,mid,0.0,0.0,0.0,0.0,0.0,1.0,0.0,0.0,0.0,0.0,0.0,0.0,0.0,0.0,0.0
10,10,3,4.0,2.8879463170512913,99263220.0,40.697872,38.673206,134053.0,97950.44,0,0.0,0.0,97.95044,0.45946193,18.41328566765382,3.7061758,3.655147,0.4875258990089156,1.1415817456517212,1.406109096679529,1.060545632579177,-0.030776840629074487,55.23985700296146,1.3783858,0,0,0,0.0,0.0,0.0,mid,0.0,0.0,0.0,0.0,0.0,1.0,0.0,0.0,0.0,0.0,0.0,0.0,0.0,0.0,0.0
10,10,4,4.0,3.283663098426795,99263220.0,46.39737,44.415607,134053.0,97950.44,0,0.0,0.0,97.95044,0.45946193,18.41328566765382,3.8372428,3.793591,0.4875258990089156,1.1415817456517212,1.406109096679529,1.188959597541598,0.1284139649624212,73.65314267061528,1.8378477,1,1,0,0.0,0.0,0.0,mid,0.0,0.0,0.0,0.0,0.0,1.0,1.0,0.0,0.0,0.0,0.0,0.0,0.0,0.0,0.0
10,10,5,4.0,3.550683901699319,99263220.0,44.811943,42.157322,134053.0,97950.44,0,0.0,0.0,97.95044,0.45946193,18.41328566765382,3.8024747,3.7414083,0.4875258990089156,1.1415817456517212,1.406109096679529,1.2671402332990163,0.07818063575741818,92.0664283382691,2.2973096,1,1,0,0.0,0.0,0.0,mid,0.0,0.0,0.0,0.0,0.0,1.0,1.0,0.0,0.0,0.0,0.0,0.0,0.0,0.0,0.0
10,10,6,4.0,3.7800656995685844,99263220.0,49.976036,50.04929,134053.0,97950.44,0,0.0,0.0,97.95044,0.45946193,18.41328566765382,3.9115436,3.9130082,0.4875258990089156,1.1415817456517212,1.406109096679529,1.3297413903187012,0.06260115701968494,110.47971400592292,2.7567716,1,0,1,0.0,0.0,0.0,mid,0.0,0.0,0.0,0.0,0.0,1.0,0.0,1.0,0.0,0.0,0.0,0.0,0.0,0.0,0.0
10,10,7,4.0,3.686583333333333,99263220.0,41.042896,39.49592,134053.0,97950.44,0,0.0,0.0,97.95044,0.45946193,18.41328566765382,3.7146177,3.6761973,0.4875258990089156,1.1415817456517212,1.406109096679529,1.3047001031923051,-0.025041287126396083,128.89299967357675,3.2162335,1,0,1,0.0,0.0,0.0,mid,0.0,0.0,0.0,0.0,0.0,1.0,0.0,1.0,0.0,0.0,0.0,0.0,0.0,0.0,0.0
10,10,8,4.0,3.862833333333333,99263220.0,44.19292,43.360146,134053.0,97950.44,0,0.0,0.0,97.95044,0.45946193,18.41328566765382,3.7885647,3.7695408,0.4875258990089156,1.1415817456517212,1.406109096679529,1.3514009383923675,0.04670083520006241,147.30628534123056,3.6756954,1,0,1,0.0,0.0,0.0,mid,0.0,0.0,0.0,0.0,0.0,1.0,0.0,1.0,0.0,0.0,0.0,0.0,0.0,0.0,0.0
12,12,1,4.0,2.5567582459518317,102808440.0,43.720943,43.424694,198393.48,119238.41,0,0.0,0.0,119.2384,0.47894764,18.448378008782537,3.7778273,3.7710283,0.5307943634799358,1.3575140335056175,1.9604748399797103,0.9387401458681718,,18.448378008782537,0.47894764,0,0,0,0.0,0.0,0.0,mid,0.0,0.0,0.0,0.0,0.0,1.0,0.0,0.0,0.0,0.0,0.0,0.0,0.0,0.0,0.0
12,12,2,4.0,2.560408561150776,102808440.0,45.36578,44.37451,198393.48,119238.41,0,0.0,0.0,119.2384,0.47894764,18.448378008782537,3.814758,3.7926652,0.5307943634799358,1.3575140335056175,1.9604748399797103,0.9401668399571935,0.0014266940890217406,36.896756017565075,0.9578953,0,0,0,0.0,0.0,0.0,mid,0.0,0.0,0.0,0.0,0.0,1.0,0.0,0.0,0.0,0.0,0.0,0.0,0.0,0.0,0.0
12,12,3,4.0,2.6397696628162093,102808440.0,41.719936,41.352688,198393.48,119238.41,0,0.0,0.0,119.2384,0.47894764,18.448378008782537,3.730979,3.7221375,0.5307943634799358,1.3575140335056175,1.9604748399797103,0.9706916644185611,0.030524824461367617,55.34513402634761,1.4368429,0,0,0,0.0,0.0,0.0,mid,0.0,0.0,0.0,0.0,0.0,1.0,0.0,0.0,0.0,0.0,0.0,0.0,0.0,0.0,0.0
12,12,4,4.0,2.8688815760579054,102808440.0,45.33732,45.053646,198393.48,119238.41,0,0.0,0.0,119.2384,0.47894764,18.448378008782537,3.8141305,3.807854,0.5307943634799358,1.3575140335056175,1.9604748399797103,1.053922259067454,0.08323059464889282,73.79351203513015,1.9157906,1,1,0,0.0,0.0,0.0,mid,0.0,0.0,0.0,0.0,0.0,1.0,1.0,0.0,0.0,0.0,0.0,0.0,0.0,0.0,0.0
12,12,5,4.0,2.967621669191109,102808440.0,43.43939,41.341713,198393.48,119238.41,0,0.0,0.0,119.2384,0.47894764,18.448378008782537,3.7713666,3.721872,0.5307943634799358,1.3575140335056175,1.9604748399797103,1.0877608472310623,0.033838588163608296,92.24189004391269,2.3947382,1,1,0,0.0,0.0,0.0,mid,0.0,0.0,0.0,0.0,0.0,1.0,1.0,0.0,0.0,0.0,0.0,0.0,0.0,0.0,0.0
12,12,6,4.0,3.2980964403920563,102808440.0,47.032295,48.099197,198393.48,119238.41,0,0.0,0.0,119.2384,0.47894764,18.448378008782537,3.8508346,3.8732655,0.5307943634799358,1.3575140335056175,1.9604748399797103,1.1933454657935698,0.10558461856250756,110.69026805269522,2.8736858,1,0,1,0.0,0.0,0.0,mid,0.0,0.0,0.0,0.0,0.0,1.0,0.0,1.0,0.0,0.0,0.0,0.0,0.0,0.0,0.0
12,12,7,4.0,3.392888888888889,102808440.0,39.80282,39.626625,198393.48,119238.41,0,0.0,0.0,119.2384,0.47894764,18.448378008782537,3.6839378,3.6795013,0.5307943634799358,1.3575140335056175,1.9604748399797103,1.2216817381067093,0.02833627231313951,129.13864606147777,3.3526335,1,0,1,0.0,0.0,0.0,mid,0.0,0.0,0.0,0.0,0.0,1.0,0.0,1.0,0.0,0.0,0.0,0.0,0.0,0.0,0.0
12,12,8,4.0,3.3477777777777775,102808440.0,43.170643,43.241646,198393.48,119238.41,0,0.0,0.0,119.2384,0.47894764,18.448378008782537,3.7651608,3.766804,0.5307943634799358,1.3575140335056175,1.9604748399797103,1.2082967758059904,-0.01338496230071895,147.5870240702603,3.831581,1,0,1,0.0,0.0,0.0,mid,0.0,0.0,0.0,0.0,0.0,1.0,0.0,1.0,0.0,0.0,0.0,0.0,0.0,0.0,0.0
14,14,1,4.0,2.760979511237075,58838220.0,39.453384,39.101135,115949.83,145069.19,0,0.0,0.0,115.94983,0.4761745,17.89030220171035,3.6751199,3.6661515,0.26741631737306104,0.438038122412137,0.39353393052767416,1.0155855121443425,,17.89030220171035,0.4761745,0,0,0,0.0,0.0,0.0,mid,0.0,0.0,0.0,0.0,0.0,1.0,0.0,0.0,0.0,0.0,0.0,0.0,0.0,0.0,0.0
14,14,2,4.0,2.5246534854903953,58838220.0,35.797646,37.02188,115949.83,145069.19,0,0.0,0.0,115.94983,0.4761745,17.89030220171035,3.577882,3.611509,0.26741631737306104,0.438038122412137,0.39353393052767416,0.9261038198407986,-0.08948169230354386,35.7806044034207,0.952349,0,0,0,0.0,0.0,0.0,mid,0.0,0.0,0.0,0.0,0.0,1.0,0.0,0.0,0.0,0.0,0.0,0.0,0.0,0.0,0.0
14,14,3,4.0,2.612402563866787,58838220.0,36.33549,35.492386,115949.83,145069.19,0,0.0,0.0,115.94983,0.4761745,17.89030220171035,3.592795,3.5693183,0.26741631737306104,0.438038122412137,0.39353393052767416,0.9602703204678659,0.034166500627067276,53.67090660513105,1.4285235,0,0,0,0.0,0.0,0.0,mid,0.0,0.0,0.0,0.0,0.0,1.0,0.0,0.0,0.0,0.0,0.0,0.0,0.0,0.0,0.0
14,14,4,4.0,3.211373013513361,58838220.0,40.513412,38.828648,115949.83,145069.19,0,0.0,0.0,115.94983,0.4761745,17.89030220171035,3.701633,3.6591582,0.26741631737306104,0.438038122412137,0.39353393052767416,1.1666985757579638,0.2064282552900979,71.5612088068414,1.904698,1,1,0,0.0,0.0,0.0,mid,0.0,0.0,0.0,0.0,0.0,1.0,1.0,0.0,0.0,0.0,0.0,0.0,0.0,0.0,0.0
14,14,5,4.0,3.4541895285861366,58838220.0,40.283134,38.930916,115949.83,145069.19,0,0.0,0.0,115.94983,0.4761745,17.89030220171035,3.6959329,3.6617887,0.26741631737306104,0.438038122412137,0.39353393052767416,1.2395878504211868,0.07288927466322304,89.45151100855176,2.3808725,1,1,0,0.0,0.0,0.0,mid,0.0,0.0,0.0,0.0,0.0,1.0,1.0,0.0,0.0,0.0,0.0,0.0,0.0,0.0,0.0
14,14,6,4.0,3.670624796361906,58838220.0,44.571785,46.36983,115949.83,145069.19,0,0.0,0.0,115.94983,0.4761745,17.89030220171035,3.797101,3.8366492,0.26741631737306104,0.438038122412137,0.39353393052767416,1.300361891816874,0.060774041395687206,107.3418132102621,2.857047,1,0,1,0.0,0.0,0.0,mid,0.0,0.0,0.0,0.0,0.0,1.0,0.0,1.0,0.0,0.0,0.0,0.0,0.0,0.0,0.0
14,14,7,4.0,3.972,58838220.0,35.46146,35.522484,115949.83,145069.19,0,0.0,0.0,115.94983,0.4761745,17.89030220171035,3.5684464,3.5701659,0.26741631737306104,0.438038122412137,0.39353393052767416,1.3792697461829262,0.07890785436605219,125.23211541197246,3.3332214,1,0,1,0.0,0.0,0.0,mid,0.0,0.0,0.0,0.0,0.0,1.0,0.0,1.0,0.0,0.0,0.0,0.0,0.0,0.0,0.0
14,14,8,4.0,3.8986666666666667,58838220.0,38.89268,39.30338,115949.83,145069.19,0,0.0,0.0,115.94983,0.4761745,17.89030220171035,3.6608062,3.6713104,0.26741631737306104,0.438038122412137,0.39353393052767416,1.360634614339313,-0.018635131843613095,143.1224176136828,3.809396,1,0,1,0.0,0.0,0.0,mid,0.0,0.0,0.0,0.0,0.0,1.0,0.0,1.0,0.0,0.0,0.0,0.0,0.0,0.0,0.0
17,17,1,5.0,2.774978983098385,87752490.0,47.863518,46.218544,40237.04,119170.336,1,1.0,0.0,40.237038,0.37193367,18.290030795976033,3.8683536,3.8333812,0.318794711963363,1.0,1.0,1.0206431735114778,,18.290030795976033,0.37193367,0,0,0,0.0,0.0,0.0,near,1.0,0.0,0.0,0.0,0.0,0.0,0.0,0.0,0.0,0.0,0.0,0.0,0.0,0.0,0.0
17,17,2,5.0,2.8952410790306593,87752490.0,40.01157,40.622684,40237.04,119170.336,1,1.0,0.0,40.237038,0.37193367,18.290030795976033,3.6891687,3.7043266,0.318794711963363,1.0,1.0,1.0630683818344147,0.042425208322936836,36.58006159195207,0.74386734,0,0,0,0.0,0.0,0.0,near,1.0,0.0,0.0,0.0,0.0,0.0,0.0,0.0,0.0,0.0,0.0,0.0,0.0,0.0,0.0
17,17,3,5.0,2.9119644995726817,87752490.0,40.401184,39.50774,40237.04,119170.336,1,1.0,0.0,40.237038,0.37193367,18.290030795976033,3.6988592,3.6764965,0.318794711963363,1.0,1.0,1.0688279391793178,0.005759557344903188,54.870092387928096,1.115801,0,0,0,0.0,0.0,0.0,near,1.0,0.0,0.0,0.0,0.0,0.0,0.0,0.0,0.0,0.0,0.0,0.0,0.0,0.0,0.0
17,17,4,5.0,3.1619307587365966,87752490.0,47.450745,45.456944,40237.04,119170.336,1,1.0,0.0,40.237038,0.37193367,18.290030795976033,3.859692,3.8167655,0.318794711963363,1.0,1.0,1.151182840614752,0.08235490143543411,73.16012318390413,1.4877347,1,1,0,1.0,1.0,0.0,near,1.0,1.0,0.0,1.0,0.0,0.0,0.0,0.0,0.0,0.0,0.0,0.0,0.0,0.0,0.0
17,17,5,5.0,3.3379005830926154,87752490.0,47.219765,44.05436,40237.04,119170.336,1,1.0,0.0,40.237038,0.37193367,18.290030795976033,3.8548126,3.7854242,0.318794711963363,1.0,1.0,1.2053420414206202,0.054159200805868224,91.45015397988017,1.8596684,1,1,0,1.0,1.0,0.0,near,1.0,1.0,0.0,1.0,0.0,0.0,0.0,0.0,0.0,0.0,0.0,0.0,0.0,0.0,0.0
17,17,6,5.0,3.8465145648625487,87752490.0,50.562542,49.795967,40237.04,119170.336,1,1.0,0.0,40.237038,0.37193367,18.290030795976033,3.923211,3.907934,0.318794711963363,1.0,1.0,1.347167430433159,0.14182538901253872,109.74018477585619,2.231602,1,0,1,1.0,0.0,1.0,near,1.0,0.0,1.0,0.0,1.0,0.0,0.0,0.0,0.0,0.0,0.0,0.0,0.0,0.0,0.0
17,17,7,5.0,4.0263333333333335,87752490.0,42.55548,40.853016,40237.04,119170.336,1,1.0,0.0,40.237038,0.37193367,18.290030795976033,3.7508087,3.7099807,0.318794711963363,1.0,1.0,1.3928561189550317,0.0456886885218728,128.03021557183223,2.6035357,1,0,1,1.0,0.0,1.0,near,1.0,0.0,1.0,0.0,1.0,0.0,0.0,0.0,0.0,0.0,0.0,0.0,0.0,0.0,0.0
17,17,8,5.0,4.217333333333333,87752490.0,44.56745,44.687344,40237.04,119170.336,1,1.0,0.0,40.237038,0.37193367,18.290030795976033,3.7970037,3.7996902,0.318794711963363,1.0,1.0,1.4392030167752927,0.046346897820261024,146.32024636780827,2.9754694,1,0,1,1.0,0.0,1.0,near,1.0,0.0,1.0,0.0,1.0,0.0,0.0,0.0,0.0,0.0,0.0,0.0,0.0,0.0,0.0
18,18,1,1.0,1.6888801917877652,40047630.0,59.48269,58.692463,246981.2,134356.86,0,0.0,0.0,134.35686,0.49079147,17.50558005369771,4.0856853,4.0723114,,,,0.5240657009034025,,17.50558005369771,0.49079147,0,0,0,0.0,0.0,0.0,far,0.0,0.0,0.0,0.0,0.0,0.0,0.0,0.0,0.0,0.0,1.0,0.0,0.0,0.0,0.0
18,18,2,1.0,2.4681719317215958,40047630.0,64.6018,64.40811,246981.2,134356.86,0,0.0,0.0,134.35686,0.49079147,17.50558005369771,4.1682425,4.16524,,,,0.9034777680095573,0.3794120671061547,35.01116010739542,0.98158294,0,0,0,0.0,0.0,0.0,far,0.0,0.0,0.0,0.0,0.0,0.0,0.0,0.0,0.0,0.0,1.0,0.0,0.0,0.0,0.0
18,18,3,1.0,2.7720214149017726,40047630.0,56.655724,56.41261,246981.2,134356.86,0,0.0,0.0,134.35686,0.49079147,17.50558005369771,4.036993,4.032693,,,,1.0195768067313558,0.1160990387217985,52.516740161093125,1.4723744,0,0,0,0.0,0.0,0.0,far,0.0,0.0,0.0,0.0,0.0,0.0,0.0,0.0,0.0,0.0,1.0,0.0,0.0,0.0,0.0
18,18,4,1.0,2.869280031902535,40047630.0,59.43308,61.680264,246981.2,134356.86,0,0.0,0.0,134.35686,0.49079147,17.50558005369771,4.084851,4.121964,,,,1.054061138336632,0.03448433160527631,70.02232021479084,1.9631659,1,1,0,0.0,0.0,0.0,far,0.0,0.0,0.0,0.0,0.0,0.0,0.0,0.0,0.0,0.0,1.0,1.0,0.0,0.0,0.0
18,18,5,1.0,2.416837174623393,40047630.0,59.63674,57.901295,246981.2,134356.86,0,0.0,0.0,134.35686,0.49079147,17.50558005369771,4.088272,4.0587397,,,,0.8824597327261621,-0.17160140561047,87.52790026848855,2.4539573,1,1,0,0.0,0.0,0.0,far,0.0,0.0,0.0,0.0,0.0,0.0,0.0,0.0,0.0,0.0,1.0,1.0,0.0,0.0,0.0
18,18,6,1.0,2.700661042462594,40047630.0,62.230778,61.996677,246981.2,134356.86,0,0.0,0.0,134.35686,0.49079147,17.50558005369771,4.13085,4.127081,,,,0.9934965735858788,0.11103684085971677,105.03348032218625,2.9447489,1,0,1,0.0,0.0,0.0,far,0.0,0.0,0.0,0.0,0.0,0.0,0.0,0.0,0.0,0.0,1.0,0.0,1.0,0.0,0.0
18,18,7,1.0,2.7355,40047630.0,55.174747,55.401363,246981.2,134356.86,0,0.0,0.0,134.35686,0.49079147,17.50558005369771,4.010505,4.014604,,,,1.0063142345217435,0.012817660935864672,122.53906037588396,3.4355402,1,0,1,0.0,0.0,0.0,far,0.0,0.0,0.0,0.0,0.0,0.0,0.0,0.0,0.0,0.0,1.0,0.0,1.0,0.0,0.0
18,18,8,1.0,2.8428333333333335,40047630.0,60.082855,61.697582,246981.2,134356.86,0,0.0,0.0,134.35686,0.49079147,17.50558005369771,4.0957246,4.122245,,,,1.044801207430681,0.038486972908937434,140.04464042958168,3.9263318,1,0,1,0.0,0.0,0.0,far,0.0,0.0,0.0,0.0,0.0,0.0,0.0,0.0,0.0,0.0,1.0,0.0,1.0,0.0,0.0
19,19,1,5.0,2.6252815492541046,138508860.0,39.068634,41.18583,114846.84,205826.95,1,1.0,0.0,114.84685,0.47522694,18.746444852664737,3.66532,3.7180943,0.6681760329990984,1.0,1.0,0.965188147150688,,18.746444852664737,0.47522694,0,0,0,0.0,0.0,0.0,mid,0.0,0.0,0.0,0.0,0.0,1.0,0.0,0.0,0.0,0.0,0.0,0.0,0.0,0.0,0.0
19,19,2,5.0,3.037830051386186,138508860.0,31.177652,34.85002,114846.84,205826.95,1,1.0,0.0,114.84685,0.47522694,18.746444852664737,3.4397016,3.5510538,0.6681760329990984,1.0,1.0,1.1111434616562885,0.1459553145056005,37.492889705329475,0.9504539,0,0,0,0.0,0.0,0.0,mid,0.0,0.0,0.0,0.0,0.0,1.0,0.0,0.0,0.0,0.0,0.0,0.0,0.0,0.0,0.0
19,19,3,5.0,2.9205579747342196,138508860.0,33.378162,35.22425,114846.84,205826.95,1,1.0,0.0,114.84685,0.47522694,18.746444852664737,3.507902,3.5617347,0.6681760329990984,1.0,1.0,1.071774685263096,-0.03936877639319247,56.23933455799421,1.4256809,0,0,0,0.0,0.0,0.0,mid,0.0,0.0,0.0,0.0,0.0,1.0,0.0,0.0,0.0,0.0,0.0,0.0,0.0,0.0,0.0
19,19,4,5.0,3.219712560638115,138508860.0,37.972847,37.853615,114846.84,205826.95,1,1.0,0.0,114.84685,0.47522694,18.746444852664737,3.6368713,3.6337266,0.6681760329990984,1.0,1.0,1.1692920886892186,0.09751740342612258,74.98577941065895,1.9009078,1,1,0,1.0,1.0,0.0,mid,0.0,0.0,0.0,0.0,0.0,1.0,1.0,0.0,1.0,0.0,0.0,0.0,0.0,0.0,0.0
19,19,5,5.0,3.3026561791423132,138508860.0,39.59471,39.94868,114846.84,205826.95,1,1.0,0.0,114.84685,0.47522694,18.746444852664737,3.6786957,3.6875956,0.6681760329990984,1.0,1.0,1.1947270474823164,0.02543495879309776,93.73222426332369,2.3761346,1,1,0,1.0,1.0,0.0,mid,0.0,0.0,0.0,0.0,0.0,1.0,1.0,0.0,1.0,0.0,0.0,0.0,0.0,0.0,0.0
19,19,6,5.0,3.689202153130656,138508860.0,40.5795,43.77704,114846.84,205826.95,1,1.0,0.0,114.84685,0.47522694,18.746444852664737,3.703263,3.7791095,0.6681760329990984,1.0,1.0,1.3054102160100316,0.1106831685277152,112.47866911598842,2.8513618,1,0,1,1.0,0.0,1.0,mid,0.0,0.0,0.0,0.0,0.0,1.0,0.0,1.0,0.0,1.0,0.0,0.0,0.0,0.0,0.0
19,19,7,5.0,3.995583333333333,138508860.0,33.841133,35.86439,114846.84,205826.95,1,1.0,0.0,114.84685,0.47522694,18.746444852664737,3.521677,3.5797448,0.6681760329990984,1.0,1.0,1.3851895844121105,0.07977936840207889,131.22511396865315,3.3265886,1,0,1,1.0,0.0,1.0,mid,0.0,0.0,0.0,0.0,0.0,1.0,0.0,1.0,0.0,1.0,0.0,0.0,0.0,0.0,0.0
19,19,8,5.0,4.085166666666667,138508860.0,35.987896,38.253193,114846.84,205826.95,1,1.0,0.0,114.84685,0.47522694,18.746444852664737,3.5831826,3.644227,0.6681760329990984,1.0,1.0,1.4073625271532848,0.022172942741174317,149.9715588213179,3.8018155,1,0,1,1.0,0.0,1.0,mid,0.0,0.0,0.0,0.0,0.0,1.0,0.0,1.0,0.0,1.0,0.0,0.0,0.0,0.0,0.0
21,21,1,5.0,2.5269643130018684,166824420.0,67.38562,69.44879,159204.67,276315.5,1,1.0,0.0,159.20467,0.50764525,18.932452440050763,4.2104316,4.2405896,0.7761694539011614,1.0,1.0,0.9270187060276935,,18.932452440050763,0.50764525,0,0,0,0.0,0.0,0.0,far,0.0,0.0,0.0,0.0,0.0,0.0,0.0,0.0,0.0,0.0,1.0,0.0,0.0,0.0,0.0
21,21,2,5.0,2.709103952364264,166824420.0,53.44619,60.35631,159204.67,276315.5,1,1.0,0.0,159.20467,0.50764525,18.932452440050763,3.9786754,4.1002655,0.7761694539011614,1.0,1.0,0.9966179353325021,0.06959922930480855,37.86490488010153,1.0152905,0,0,0,0.0,0.0,0.0,far,0.0,0.0,0.0,0.0,0.0,0.0,0.0,0.0,0.0,0.0,1.0,0.0,0.0,0.0,0.0
21,21,3,5.0,2.8123407326338317,166824420.0,56.638252,62.50786,159204.67,276315.5,1,1.0,0.0,159.20467,0.50764525,18.932452440050763,4.0366845,4.135292,0.7761694539011614,1.0,1.0,1.0340171375302305,0.03739920219772841,56.79735732015229,1.5229357,0,0,0,0.0,0.0,0.0,far,0.0,0.0,0.0,0.0,0.0,0.0,0.0,0.0,0.0,0.0,1.0,0.0,0.0,0.0,0.0
21,21,4,5.0,3.108714338597123,166824420.0,63.157757,63.169266,159204.67,276315.5,1,1.0,0.0,159.20467,0.50764525,18.932452440050763,4.1456356,4.1458178,0.7761694539011614,1.0,1.0,1.1342092447700025,0.10019210723977201,75.72980976020305,2.030581,1,1,0,1.0,1.0,0.0,far,0.0,0.0,0.0,0.0,0.0,0.0,0.0,0.0,0.0,0.0,1.0,1.0,0.0,1.0,0.0
21,21,5,5.0,3.0585344177265013,166824420.0,70.186874,71.49335,159204.67,276315.5,1,1.0,0.0,159.20467,0.50764525,18.932452440050763,4.251161,4.269604,0.7761694539011614,1.0,1.0,1.1179358527764507,-0.016273391993551822,94.66226220025382,2.5382261,1,1,0,1.0,1.0,0.0,far,0.0,0.0,0.0,0.0,0.0,0.0,0.0,0.0,0.0,0.0,1.0,1.0,0.0,1.0,0.0
21,21,6,5.0,3.523503826289208,166824420.0,65.10525,68.4749,159204.67,276315.5,1,1.0,0.0,159.20467,0.50764525,18.932452440050763,4.1760054,4.226467,0.7761694539011614,1.0,1.0,1.2594558997185659,0.14152004694211517,113.59471464030457,3.0458715,1,0,1,1.0,0.0,1.0,far,0.0,0.0,0.0,0.0,0.0,0.0,0.0,0.0,0.0,0.0,1.0,0.0,1.0,0.0,1.0
21,21,7,5.0,3.8501999999999996,166824420.0,61.618114,66.09759,159204.67,276315.5,1,1.0,0.0,159.20467,0.50764525,18.932452440050763,4.120956,4.191132,0.7761694539011614,1.0,1.0,1.3481250950023875,0.08866919528382167,132.52716708035535,3.5535169,1,0,1,1.0,0.0,1.0,far,0.0,0.0,0.0,0.0,0.0,0.0,0.0,0.0,0.0,0.0,1.0,0.0,1.0,0.0,1.0
21,21,8,5.0,3.7103333333333333,166824420.0,61.914383,67.04091,159204.67,276315.5,1,1.0,0.0,159.20467,0.50764525,18.932452440050763,4.1257524,4.205303,0.7761694539011614,1.0,1.0,1.311121719842979,-0.03700337515940855,151.4596195204061,4.061162,1,0,1,1.0,0.0,1.0,far,0.0,0.0,0.0,0.0,0.0,0.0,0.0,0.0,0.0,0.0,1.0,0.0,1.0,0.0,1.0
