startyear,endyear,beta,se,n,period
1960,1961,-.017610751,.0052615758,84,1
1960,1962,-.0088779945,.0028399329,84,2
1960,1963,-.0090258289,.0024073527,84,3
1960,1964,-.0089149605,.0026978154,84,4
1960,1965,-.0083046714,.0022476318,84,5
1960,1966,-.0079626283,.002079793,84,6
1960,1967,-.0071589821,.0019052431,84,7
1960,1968,-.006745629,.0017265971,84,8
1960,1969,-.0068994835,.0017228251,84,9
1960,1970,-.0057733827,.0016605593,84,10
1960,1971,-.0059791594,.0016576486,84,11
1960,1972,-.0061372421,.0017123533,84,12
1960,1973,-.0067306762,.0016777538,84,13
1960,1974,-.0055168662,.0017659854,84,14
1960,1975,-.0049341279,.0017317856,84,15
1960,1976,-.0042921724,.0016359421,84,16
1960,1977,-.0036032745,.0016076801,84,17
1960,1978,-.0038811467,.0015834571,84,18
1960,1979,-.0039326465,.0015511785,84,19
1960,1980,-.0044323695,.0015243664,84,20
1960,1981,-.0037456236,.0014586984,84,21
1960,1982,-.0031966984,.0014375962,84,22
1960,1983,-.0029389891,.0014577565,84,23
1960,1984,-.0027670371,.0014506467,84,24
1960,1985,-.0022629236,.0014300848,84,25
1960,1986,-.0028059029,.0013854055,84,26
1960,1987,-.0035924388,.0013998331,84,27
1960,1988,-.0037094108,.0013874009,84,28
1960,1989,-.0038825707,.0013739996,84,29
1960,1990,-.0039400598,.0013963585,84,30
1960,1991,-.0036908763,.0014306162,84,31
1960,1992,-.0039662975,.0014613374,84,32
1960,1993,-.0037536565,.0014838722,84,33
1960,1994,-.0038910708,.0015426481,84,34
1960,1995,-.0035714062,.0015444331,84,35
1960,1996,-.0032674139,.0015627864,84,36
1960,1997,-.0034199725,.001472795,84,37
1960,1998,-.0037645027,.0013951155,84,38
1960,1999,-.0038143834,.0013668292,84,39
1960,2000,-.0040240195,.0013487475,84,40
1960,2001,-.0037023649,.0013429055,84,41
1960,2002,-.0033845943,.0013420038,84,42
1960,2003,-.0031480836,.0013363224,84,43
1960,2004,-.0030192332,.0013127659,84,44
1960,2005,-.0030181161,.0013009128,84,45
1960,2006,-.0028335049,.0013092944,84,46
1960,2007,-.0026700401,.0013035189,84,47
1960,2008,-.0023907458,.0013138353,84,48
1960,2009,-.00175688,.001338622,84,49
1960,2010,-.001526679,.0013549535,84,50
1960,2011,-.0012879778,.0013522998,84,51
1960,2012,-.0011393161,.0013527145,84,52
1960,2013,-.0011256665,.0013282563,84,53
1960,2014,-.00092745601,.0013018874,84,54
1960,2015,-.00081389304,.0012907428,84,55
1960,2016,-.0007918101,.0012670753,84,56
1960,2017,-.00083599082,.0012484448,84,57
1960,2018,-.0007498911,.0012472398,84,58
1960,2019,-.00055955473,.001248844,84,59
1961,1962,.00059138442,.0034581004,87,1
1961,1963,-.0047655161,.0023694683,87,2
1961,1964,-.0051656803,.0029899413,87,3
1961,1965,-.0053766253,.0023501357,87,4
1961,1966,-.0056683812,.0020870285,87,5
1961,1967,-.0054171993,.0019345324,87,6
1961,1968,-.0051542819,.0016827539,87,7
1961,1969,-.0056494013,.0016047776,87,8
1961,1970,-.0043209051,.0016298176,87,9
1961,1971,-.0048165591,.0016080867,87,10
1961,1972,-.0052106138,.0016285176,87,11
1961,1973,-.0059353332,.0016125005,87,12
1961,1974,-.0047299922,.0016781765,87,13
1961,1975,-.0042263642,.0016464301,87,14
1961,1976,-.003672417,.0015620744,87,15
1961,1977,-.0030333945,.0015564449,87,16
1961,1978,-.0034416977,.0015222881,87,17
1961,1979,-.0035106761,.0014946441,87,18
1961,1980,-.0041007875,.0014674924,87,19
1961,1981,-.0033859967,.0014021002,87,20
1961,1982,-.0028647194,.0013653589,87,21
1961,1983,-.0026475592,.0013823555,87,22
1961,1984,-.0024656062,.0013760575,87,23
1961,1985,-.0019881425,.0013648627,87,24
1961,1986,-.0025921143,.0013210275,87,25
1961,1987,-.0033860414,.0013354333,87,26
1961,1988,-.0035161788,.0013266313,87,27
1961,1989,-.0037007644,.0013119723,87,28
1961,1990,-.0037705535,.0013323936,87,29
1961,1991,-.0035427513,.0013691019,87,30
1961,1992,-.0038342746,.0014009043,87,31
1961,1993,-.0036002786,.001424077,87,32
1961,1994,-.0037528127,.001485895,87,33
1961,1995,-.0034849814,.0014803167,87,34
1961,1996,-.0032767684,.0014903352,87,35
1961,1997,-.0034824391,.0014076427,87,36
1961,1998,-.0038725983,.0013397106,87,37
1961,1999,-.004017442,.0013261648,87,38
1961,2000,-.0041890275,.001305038,87,39
1961,2001,-.0038488756,.0012974793,87,40
1961,2002,-.0035012134,.0012948727,87,41
1961,2003,-.0032716407,.0012899115,87,42
1961,2004,-.0031645047,.0012679389,87,43
1961,2005,-.0031800738,.0012608903,87,44
1961,2006,-.002987647,.0012670332,87,45
1961,2007,-.0028344255,.0012586738,87,46
1961,2008,-.0025674396,.001264891,87,47
1961,2009,-.0019409746,.00128702,87,48
1961,2010,-.0017114683,.0013039269,87,49
1961,2011,-.0014654809,.0013018884,87,50
1961,2012,-.0012719444,.0012968018,87,51
1961,2013,-.0011850047,.0012696432,87,52
1961,2014,-.00099375797,.0012440297,87,53
1961,2015,-.00092586363,.0012339677,87,54
1961,2016,-.00089754316,.0012107723,87,55
1961,2017,-.00096137647,.0011933091,87,56
1961,2018,-.00085563184,.0011906761,87,57
1961,2019,-.00069172471,.0011934956,87,58
1962,1963,-.0081465617,.0040089251,88,1
1962,1964,-.0083805537,.0039361143,88,2
1962,1965,-.0074192826,.0028176422,88,3
1962,1966,-.0071589593,.0024334288,88,4
1962,1967,-.0070983754,.0021272341,88,5
1962,1968,-.0065189945,.0018215243,88,6
1962,1969,-.0069049485,.0017417946,88,7
1962,1970,-.0053012525,.0017625705,88,8
1962,1971,-.0058104238,.0017208523,88,9
1962,1972,-.0062516015,.0017361365,88,10
1962,1973,-.006874539,.0016964166,88,11
1962,1974,-.0055576274,.0017450884,88,12
1962,1975,-.004900536,.0017079443,88,13
1962,1976,-.0042789187,.0016082873,88,14
1962,1977,-.0036027229,.0015963264,88,15
1962,1978,-.0039620129,.0015553838,88,16
1962,1979,-.0039759064,.0015194301,88,17
1962,1980,-.0045303339,.0014752201,88,18
1962,1981,-.0037224137,.0014096553,88,19
1962,1982,-.0031140139,.0013824097,88,20
1962,1983,-.0028253642,.0013999284,88,21
1962,1984,-.0026055449,.0013890429,88,22
1962,1985,-.0021123448,.0013794991,88,23
1962,1986,-.0027517176,.001332446,88,24
1962,1987,-.0036144801,.0013440369,88,25
1962,1988,-.0037954804,.0013366095,88,26
1962,1989,-.0039711525,.0013224194,88,27
1962,1990,-.004020479,.0013435927,88,28
1962,1991,-.0037564668,.0013780501,88,29
1962,1992,-.0040369215,.0014027163,88,30
1962,1993,-.0037624843,.00142278,88,31
1962,1994,-.0038595288,.0014799264,88,32
1962,1995,-.0035907761,.0014762402,88,33
1962,1996,-.0033746853,.001486323,88,34
1962,1997,-.0035901908,.0014030118,88,35
1962,1998,-.0039753756,.0013315032,88,36
1962,1999,-.0040970203,.0013186113,88,37
1962,2000,-.0042536729,.0012970605,88,38
1962,2001,-.0038793043,.0012899814,88,39
1962,2002,-.0035058337,.0012881702,88,40
1962,2003,-.0032450384,.001286098,88,41
1962,2004,-.0031176521,.0012645356,88,42
1962,2005,-.0031194235,.0012604037,88,43
1962,2006,-.0029124322,.0012677365,88,44
1962,2007,-.0027356218,.0012607328,88,45
1962,2008,-.0024440971,.0012685134,88,46
1962,2009,-.0017588753,.0012968046,88,47
1962,2010,-.0015062597,.0013179042,88,48
1962,2011,-.001251369,.0013145261,88,49
1962,2012,-.0011389382,.0012878776,88,50
1962,2013,-.00094849512,.0012851154,88,51
1962,2014,-.00075347576,.0012608648,88,52
1962,2015,-.00070538447,.0012461218,88,53
1962,2016,-.0006961397,.0012199645,88,54
1962,2017,-.00075925793,.0012019931,88,55
1962,2018,-.00064406346,.0012019424,88,56
1962,2019,-.0004949476,.0012000031,88,57
1963,1964,-.0078745205,.0066782231,88,1
1963,1965,-.0067344485,.0036068887,88,2
1963,1966,-.0069138701,.0027671733,88,3
1963,1967,-.0068459893,.0024399119,88,4
1963,1968,-.0062223901,.0020093909,88,5
1963,1969,-.0067447829,.0018475375,88,6
1963,1970,-.0049900459,.0018463216,88,7
1963,1971,-.0056647919,.0017668688,88,8
1963,1972,-.0061512501,.0018080604,88,9
1963,1973,-.0069172652,.0017284701,88,10
1963,1974,-.0054459157,.0017855458,88,11
1963,1975,-.0047522155,.0017367834,88,12
1963,1976,-.0041556242,.0016323969,88,13
1963,1977,-.0035055073,.001618058,88,14
1963,1978,-.0039500245,.0015655006,88,15
1963,1979,-.0039725695,.0015451236,88,16
1963,1980,-.0045647481,.0015080046,88,17
1963,1981,-.0037060992,.0014392149,88,18
1963,1982,-.0031101236,.0013962559,88,19
1963,1983,-.002846946,.0014029363,88,20
1963,1984,-.002642923,.0013820743,88,21
1963,1985,-.0021481409,.0013703102,88,22
1963,1986,-.0028251864,.0013215042,88,23
1963,1987,-.0037439244,.0013295397,88,24
1963,1988,-.0039327838,.0013209615,88,25
1963,1989,-.0041233357,.0013087915,88,26
1963,1990,-.0041954359,.0013304312,88,27
1963,1991,-.00395193,.0013641213,88,28
1963,1992,-.0042265812,.0013891396,88,29
1963,1993,-.0039574932,.0014075621,88,30
1963,1994,-.0041044555,.0014633612,88,31
1963,1995,-.0038190405,.0014551412,88,32
1963,1996,-.003601725,.0014649472,88,33
1963,1997,-.0038009949,.0013807795,88,34
1963,1998,-.0041744174,.0013080237,88,35
1963,1999,-.0042919065,.0012912041,88,36
1963,2000,-.0044394368,.0012665598,88,37
1963,2001,-.0040544015,.0012569266,88,38
1963,2002,-.0036666477,.0012515923,88,39
1963,2003,-.0033963092,.0012476093,88,40
1963,2004,-.0032432217,.0012264794,88,41
1963,2005,-.0032142967,.00122546,88,42
1963,2006,-.0030100089,.0012328848,88,43
1963,2007,-.0028298888,.0012261075,88,44
1963,2008,-.0025360584,.0012364456,88,45
1963,2009,-.001838429,.0012637002,88,46
1963,2010,-.0015784005,.0012862984,88,47
1963,2011,-.0013122892,.0012866013,88,48
1963,2012,-.001204312,.0012619337,88,49
1963,2013,-.0010381358,.0012583565,88,50
1963,2014,-.00084092555,.00123496,88,51
1963,2015,-.00079118198,.0012205599,88,52
1963,2016,-.00077483983,.0011947267,88,53
1963,2017,-.00083592132,.0011779706,88,54
1963,2018,-.00071932172,.0011785493,88,55
1963,2019,-.00056703232,.0011783345,88,56
1964,1965,-.005864183,.0035927529,89,1
1964,1966,-.0063264403,.002771813,89,2
1964,1967,-.0066985735,.0024905817,89,3
1964,1968,-.006000041,.0021246846,89,4
1964,1969,-.0066940482,.0018979049,89,5
1964,1970,-.0047308872,.0018489261,89,6
1964,1971,-.0054739965,.0018078596,89,7
1964,1972,-.0062047425,.0017257145,89,8
1964,1973,-.0069925748,.0016828061,89,9
1964,1974,-.0054718419,.0017089266,89,10
1964,1975,-.0047819954,.0016926558,89,11
1964,1976,-.0040748687,.0016427487,89,12
1964,1977,-.0033518255,.0016327041,89,13
1964,1978,-.0037920761,.0015680706,89,14
1964,1979,-.0037510579,.0015956216,89,15
1964,1980,-.0043589934,.0015546365,89,16
1964,1981,-.0034522398,.0015134057,89,17
1964,1982,-.0028146412,.0014681281,89,18
1964,1983,-.0025312721,.0014632912,89,19
1964,1984,-.0023544601,.0014258986,89,20
1964,1985,-.0018399096,.0014384415,89,21
1964,1986,-.0025240972,.0013853841,89,22
1964,1987,-.0034998842,.0013624261,89,23
1964,1988,-.0037140255,.00133463,89,24
1964,1989,-.0038817176,.0013268192,89,25
1964,1990,-.004046543,.0013448796,89,26
1964,1991,-.0038061889,.0013814929,89,27
1964,1992,-.0041288324,.0014042265,89,28
1964,1993,-.0038974241,.0014241108,89,29
1964,1994,-.0041366131,.001466731,89,30
1964,1995,-.0038157455,.0014739737,89,31
1964,1996,-.0035918297,.0014932888,89,32
1964,1997,-.0037403379,.0014065343,89,33
1964,1998,-.0041161925,.001336274,89,34
1964,1999,-.0042251386,.0013213091,89,35
1964,2000,-.0043756687,.0012917109,89,36
1964,2001,-.0040010717,.0012864568,89,37
1964,2002,-.003625243,.0012815504,89,38
1964,2003,-.0034017849,.001282068,89,39
1964,2004,-.0032657953,.0012525325,89,40
1964,2005,-.0032633089,.0012510156,89,41
1964,2006,-.0030652536,.0012612985,89,42
1964,2007,-.002873753,.0012479228,89,43
1964,2008,-.0025862243,.001257639,89,44
1964,2009,-.001870196,.0012861699,89,45
1964,2010,-.0016149046,.0013042949,89,46
1964,2011,-.001349138,.0013041035,89,47
1964,2012,-.0012326066,.0012677558,89,48
1964,2013,-.001051546,.0012706672,89,49
1964,2014,-.00084203604,.0012477123,89,50
1964,2015,-.00077700702,.001231328,89,51
1964,2016,-.00075999042,.0012064569,89,52
1964,2017,-.00081421225,.0011889526,89,53
1964,2018,-.00069515035,.0011908263,89,54
1964,2019,-.00055254821,.0011909937,89,55
1965,1966,-.0070641297,.0031813635,89,1
1965,1967,-.0075489059,.0028147416,89,2
1965,1968,-.006360007,.0023100902,89,3
1965,1969,-.0071602636,.0019726364,89,4
1965,1970,-.0046897857,.0019792328,89,5
1965,1971,-.0056397072,.0018683053,89,6
1965,1972,-.0064824782,.0018040303,89,7
1965,1973,-.0073590851,.0017687805,89,8
1965,1974,-.0056270971,.0017868796,89,9
1965,1975,-.0048388033,.0017592979,89,10
1965,1976,-.0041094073,.0016886611,89,11
1965,1977,-.0033459887,.0016723613,89,12
1965,1978,-.0038362215,.0016021504,89,13
1965,1979,-.0038214573,.0016464561,89,14
1965,1980,-.0045276154,.0015981433,89,15
1965,1981,-.0035787257,.00155204,89,16
1965,1982,-.0029140529,.0014909224,89,17
1965,1983,-.0026320235,.0014773095,89,18
1965,1984,-.0024605889,.0014360509,89,19
1965,1985,-.0019158415,.0014392816,89,20
1965,1986,-.0026193969,.00139277,89,21
1965,1987,-.003643095,.0013781681,89,22
1965,1988,-.0038350278,.0013630645,89,23
1965,1989,-.0040037869,.001356772,89,24
1965,1990,-.004197727,.0013772983,89,25
1965,1991,-.0039575347,.0014173113,89,26
1965,1992,-.0042946725,.0014457484,89,27
1965,1993,-.0040682177,.0014651463,89,28
1965,1994,-.0043128603,.0015088534,89,29
1965,1995,-.003985452,.0015101103,89,30
1965,1996,-.0037645637,.0015274172,89,31
1965,1997,-.0038997168,.0014351343,89,32
1965,1998,-.0042545497,.001362437,89,33
1965,1999,-.0043610758,.001343649,89,34
1965,2000,-.0045006936,.0013103549,89,35
1965,2001,-.0041125999,.0013028111,89,36
1965,2002,-.0037338787,.0012947241,89,37
1965,2003,-.003509592,.0012939144,89,38
1965,2004,-.0033766679,.0012628085,89,39
1965,2005,-.0033695877,.0012605243,89,40
1965,2006,-.0031712977,.0012693563,89,41
1965,2007,-.0029715591,.001255139,89,42
1965,2008,-.0026745717,.0012641798,89,43
1965,2009,-.0019363023,.0012952051,89,44
1965,2010,-.0016696224,.0013146759,89,45
1965,2011,-.0013962591,.0013157434,89,46
1965,2012,-.0012699742,.0012788592,89,47
1965,2013,-.0010878547,.0012824759,89,48
1965,2014,-.00086762832,.0012584918,89,49
1965,2015,-.00079540937,.0012405775,89,50
1965,2016,-.00078045187,.0012137893,89,51
1965,2017,-.00084157073,.0011956869,89,52
1965,2018,-.00071677635,.0011975097,89,53
1965,2019,-.00056789076,.0011972751,89,54
1966,1967,-.0080938572,.0050223228,89,1
1966,1968,-.0061573824,.0033309527,89,2
1966,1969,-.0074755964,.0023321859,89,3
1966,1970,-.0042151618,.0023154307,89,4
1966,1971,-.0053927973,.0020831323,89,5
1966,1972,-.0064442283,.0019385004,89,6
1966,1973,-.0075460821,.0019074286,89,7
1966,1974,-.0055115921,.0019282881,89,8
1966,1975,-.0045913765,.0018824679,89,9
1966,1976,-.0038582878,.0017815265,89,10
1966,1977,-.0030579227,.0017618075,89,11
1966,1978,-.0036225934,.0016689918,89,12
1966,1979,-.003664576,.0017153197,89,13
1966,1980,-.0043832087,.0016920205,89,14
1966,1981,-.0033837361,.0016386973,89,15
1966,1982,-.0027099727,.0015636752,89,16
1966,1983,-.0024408237,.001541659,89,17
1966,1984,-.0023217939,.0014928044,89,18
1966,1985,-.0017570555,.0014937801,89,19
1966,1986,-.0024931889,.0014407125,89,20
1966,1987,-.0035873402,.0014194566,89,21
1966,1988,-.0038036923,.0013893477,89,22
1966,1989,-.0039764768,.0013814929,89,23
1966,1990,-.0041668136,.0014046369,89,24
1966,1991,-.0039117984,.0014454072,89,25
1966,1992,-.0042648795,.0014687368,89,26
1966,1993,-.0040218011,.0014837986,89,27
1966,1994,-.0042599519,.0015274888,89,28
1966,1995,-.0039275265,.0015263817,89,29
1966,1996,-.0037013609,.0015442609,89,30
1966,1997,-.003864652,.0014500015,89,31
1966,1998,-.0042118542,.0013766837,89,32
1966,1999,-.0043338952,.0013554653,89,33
1966,2000,-.0044875639,.0013177653,89,34
1966,2001,-.0040819291,.0013088591,89,35
1966,2002,-.0036983725,.0012964992,89,36
1966,2003,-.0034741913,.0012939421,89,37
1966,2004,-.003340675,.0012608803,89,38
1966,2005,-.003329861,.0012605868,89,39
1966,2006,-.0031441099,.0012704071,89,40
1966,2007,-.0029542071,.0012559366,89,41
1966,2008,-.0026516032,.0012688318,89,42
1966,2009,-.0018842699,.0013000972,89,43
1966,2010,-.0016155068,.0013207674,89,44
1966,2011,-.0013353239,.0013257312,89,45
1966,2012,-.0012027047,.00128818,89,46
1966,2013,-.0010308723,.0012923942,89,47
1966,2014,-.00081406394,.0012677598,89,48
1966,2015,-.00074511726,.0012489546,89,49
1966,2016,-.00073186471,.0012214052,89,50
1966,2017,-.00079196482,.0012023624,89,51
1966,2018,-.00066845288,.0012041824,89,52
1966,2019,-.00051758467,.0012040309,89,53
1967,1968,-.0046011233,.0039300979,89,1
1967,1969,-.0074135801,.0026389682,89,2
1967,1970,-.0030614296,.0025952924,89,3
1967,1971,-.0049453839,.0022161312,89,4
1967,1972,-.006480406,.0020561584,89,5
1967,1973,-.007761898,.0020153732,89,6
1967,1974,-.0054550017,.0020023203,89,7
1967,1975,-.00452695,.0019400006,89,8
1967,1976,-.0038215988,.0017769276,89,9
1967,1977,-.0029442692,.0017187593,89,10
1967,1978,-.0035575789,.0016401099,89,11
1967,1979,-.0036149679,.0016954896,89,12
1967,1980,-.0044014025,.001679051,89,13
1967,1981,-.0033277771,.0016349393,89,14
1967,1982,-.0025991546,.0015783834,89,15
1967,1983,-.0023012855,.0015753644,89,16
1967,1984,-.0021589021,.0015264276,89,17
1967,1985,-.0015823751,.001518628,89,18
1967,1986,-.0023791299,.0014535894,89,19
1967,1987,-.0035328639,.0014334067,89,20
1967,1988,-.0037633029,.001398604,89,21
1967,1989,-.0039467718,.0013890543,89,22
1967,1990,-.0041588577,.0014129307,89,23
1967,1991,-.0039107045,.0014536406,89,24
1967,1992,-.0042634336,.0014805419,89,25
1967,1993,-.0040211068,.0015036801,89,26
1967,1994,-.0042511043,.0015584339,89,27
1967,1995,-.0039196359,.001553415,89,28
1967,1996,-.0037167068,.0015649428,89,29
1967,1997,-.0039026702,.0014671414,89,30
1967,1998,-.0042755343,.0013901624,89,31
1967,1999,-.0044130851,.0013676401,89,32
1967,2000,-.00457808,.0013314385,89,33
1967,2001,-.0041686087,.0013233965,89,34
1967,2002,-.0037880423,.0013107122,89,35
1967,2003,-.0035683517,.0013094094,89,36
1967,2004,-.0034465361,.0012760633,89,37
1967,2005,-.0034501143,.0012751726,89,38
1967,2006,-.0032700005,.0012849353,89,39
1967,2007,-.0030706541,.001271538,89,40
1967,2008,-.002762587,.0012841604,89,41
1967,2009,-.0019720423,.0013190006,89,42
1967,2010,-.0016996121,.0013410852,89,43
1967,2011,-.0014100877,.0013462893,89,44
1967,2012,-.0012647018,.001300521,89,45
1967,2013,-.0010798341,.0013163106,89,46
1967,2014,-.00085593172,.0012926394,89,47
1967,2015,-.0007907477,.0012711256,89,48
1967,2016,-.000777493,.0012417522,89,49
1967,2017,-.00083896925,.0012222474,89,50
1967,2018,-.00071150862,.0012244997,89,51
1967,2019,-.00055817125,.0012232548,89,52
1968,1969,-.010271559,.003729803,89,1
1968,1970,-.0025033003,.0033571525,89,2
1968,1971,-.0052412404,.0026412292,89,3
1968,1972,-.0071228738,.0024497511,89,4
1968,1973,-.0086349752,.0023051843,89,5
1968,1974,-.0057199295,.0022636794,89,6
1968,1975,-.0046827202,.0021065241,89,7
1968,1976,-.0039228899,.0018794243,89,8
1968,1977,-.0029668806,.0018029512,89,9
1968,1978,-.0036594362,.0016924607,89,10
1968,1979,-.0037381672,.001723515,89,11
1968,1980,-.0045491499,.0017101271,89,12
1968,1981,-.0034193243,.0016471866,89,13
1968,1982,-.0026285229,.0015843218,89,14
1968,1983,-.0022981782,.0015918409,89,15
1968,1984,-.0021559752,.0015409273,89,16
1968,1985,-.0015626417,.0015200665,89,17
1968,1986,-.0024076586,.0014506718,89,18
1968,1987,-.0036059823,.0014373412,89,19
1968,1988,-.0038553795,.0014078243,89,20
1968,1989,-.0040684333,.0013888633,89,21
1968,1990,-.0042939023,.0014102098,89,22
1968,1991,-.004031965,.0014492841,89,23
1968,1992,-.0043949047,.0014784448,89,24
1968,1993,-.0041386755,.0015019351,89,25
1968,1994,-.0043677697,.00156289,89,26
1968,1995,-.0040342328,.0015479313,89,27
1968,1996,-.0038173925,.0015540973,89,28
1968,1997,-.0040180096,.001452968,89,29
1968,1998,-.0044014053,.0013752284,89,30
1968,1999,-.0045401608,.0013528104,89,31
1968,2000,-.0047177733,.00131718,89,32
1968,2001,-.0042938651,.0013089142,89,33
1968,2002,-.0039044293,.0012965398,89,34
1968,2003,-.0036849286,.0012959059,89,35
1968,2004,-.0035531058,.0012668268,89,36
1968,2005,-.0035529656,.0012688693,89,37
1968,2006,-.0033789526,.0012790788,89,38
1968,2007,-.0031664369,.0012672578,89,39
1968,2008,-.0028544131,.0012809436,89,40
1968,2009,-.0020304124,.0013129717,89,41
1968,2010,-.0017485681,.001337736,89,42
1968,2011,-.0014466426,.001344687,89,43
1968,2012,-.0012938674,.0012986801,89,44
1968,2013,-.001088266,.0013136589,89,45
1968,2014,-.00085635949,.0012901366,89,46
1968,2015,-.00079432019,.0012687125,89,47
1968,2016,-.0007825123,.001239551,89,48
1968,2017,-.00083763368,.0012220035,89,49
1968,2018,-.00071113708,.0012237439,89,50
1968,2019,-.0005567692,.0012227057,89,51
1969,1970,.0043735215,.005959386,90,1
1969,1971,-.0042847376,.0036174324,90,2
1969,1972,-.006765076,.0026836144,90,3
1969,1973,-.0084233135,.0025554888,90,4
1969,1974,-.0051389746,.0024589098,90,5
1969,1975,-.0041038501,.0022283986,90,6
1969,1976,-.0033198455,.0020080905,90,7
1969,1977,-.0020251926,.0019915279,90,8
1969,1978,-.002696346,.0018583168,90,9
1969,1979,-.0031148698,.0018450348,90,10
1969,1980,-.0040981937,.0018334413,90,11
1969,1981,-.0029671809,.0017431461,90,12
1969,1982,-.0022004461,.0016525364,90,13
1969,1983,-.0019859392,.0016421686,90,14
1969,1984,-.0018929886,.0015895042,90,15
1969,1985,-.0012655124,.0015677952,90,16
1969,1986,-.0021914379,.0014882731,90,17
1969,1987,-.0034296163,.0014596741,90,18
1969,1988,-.0036941608,.0014173489,90,19
1969,1989,-.0039170482,.0013941287,90,20
1969,1990,-.004152759,.0014091114,90,21
1969,1991,-.0039196443,.0014451545,90,22
1969,1992,-.0042637358,.0014746127,90,23
1969,1993,-.0039772275,.0014903916,90,24
1969,1994,-.0042084572,.0015487927,90,25
1969,1995,-.0038917193,.0015295561,90,26
1969,1996,-.0036724308,.0015318533,90,27
1969,1997,-.0038924278,.0014370369,90,28
1969,1998,-.0043007154,.0013616303,90,29
1969,1999,-.0044364305,.0013390997,90,30
1969,2000,-.0046296702,.0013031922,90,31
1969,2001,-.0041844794,.0012931495,90,32
1969,2002,-.0038047868,.0012786343,90,33
1969,2003,-.0035759888,.0012770317,90,34
1969,2004,-.0034569865,.0012470274,90,35
1969,2005,-.0034643542,.0012488154,90,36
1969,2006,-.0032820287,.0012578538,90,37
1969,2007,-.0030910817,.0012433353,90,38
1969,2008,-.0027443755,.0012567644,90,39
1969,2009,-.0019585385,.0012898705,90,40
1969,2010,-.001682283,.0013146994,90,41
1969,2011,-.0013729895,.0013249831,90,42
1969,2012,-.0012263496,.001278242,90,43
1969,2013,-.001020947,.001294887,90,44
1969,2014,-.00078974513,.0012715306,90,45
1969,2015,-.00072705519,.0012503079,90,46
1969,2016,-.00073137664,.0012201574,90,47
1969,2017,-.00081282237,.001202003,90,48
1969,2018,-.00070552737,.0012032961,90,49
1969,2019,-.00055674918,.0012008377,90,50
1970,1971,-.013402925,.0036751996,100,1
1970,1972,-.012921753,.0030778269,100,2
1970,1973,-.01401902,.0027149708,100,3
1970,1974,-.0086308401,.0026429652,100,4
1970,1975,-.0064075501,.0022889625,100,5
1970,1976,-.0042950232,.0022200842,100,6
1970,1977,-.0034187101,.0019684229,100,7
1970,1978,-.0039178892,.0018726111,100,8
1970,1979,-.0044835415,.0018320781,100,9
1970,1980,-.0051366081,.0018395879,100,10
1970,1981,-.0039185425,.001734172,100,11
1970,1982,-.0025980009,.0017011879,100,12
1970,1983,-.0024061685,.0016450166,100,13
1970,1984,-.0023383934,.0015743901,100,14
1970,1985,-.0017385526,.0015323453,100,15
1970,1986,-.0025060484,.0014592353,100,16
1970,1987,-.0037689845,.0013993029,100,17
1970,1988,-.003957835,.0013459685,100,18
1970,1989,-.0040142881,.0013464617,100,19
1970,1990,-.0041196439,.001385026,100,20
1970,1991,-.0041069547,.0013565364,100,21
1970,1992,-.0043570069,.001396653,100,22
1970,1993,-.004183677,.001408556,100,23
1970,1994,-.0043753446,.0014564085,100,24
1970,1995,-.0039774585,.0014451598,100,25
1970,1996,-.0038306026,.0014428172,100,26
1970,1997,-.0039481213,.00136854,100,27
1970,1998,-.0043292614,.0013053056,100,28
1970,1999,-.0043583075,.0012948454,100,29
1970,2000,-.0045452402,.0012579757,100,30
1970,2001,-.0040517082,.0012629292,100,31
1970,2002,-.0036732629,.0012529137,100,32
1970,2003,-.0033908014,.0012538693,100,33
1970,2004,-.0031975936,.0012340454,100,34
1970,2005,-.0031449713,.001240243,100,35
1970,2006,-.0028625166,.0012673408,100,36
1970,2007,-.0026669085,.0012513443,100,37
1970,2008,-.0023032969,.0012530253,100,38
1970,2009,-.0015576098,.0012808524,100,39
1970,2010,-.0012690562,.0013044055,100,40
1970,2011,-.00087740086,.0013254526,100,41
1970,2012,-.00063142198,.0013062105,100,42
1970,2013,-.0004168546,.0013241989,100,43
1970,2014,-.0001576434,.0013094897,100,44
1970,2015,-.000090426562,.001288439,100,45
1970,2016,-.000067208442,.0012686764,100,46
1970,2017,-.00013429244,.0012560223,100,47
1970,2018,-.000044423727,.0012506567,100,48
1970,2019,.0001351775,.0012552444,100,49
1971,1972,-.0130317,.0053821839,100,1
1971,1973,-.014807951,.003874152,100,2
1971,1974,-.0077292877,.0031857633,100,3
1971,1975,-.0054185172,.0026210891,100,4
1971,1976,-.0031317065,.0025094745,100,5
1971,1977,-.0024146175,.0022061057,100,6
1971,1978,-.0032219524,.0020982195,100,7
1971,1979,-.0040217191,.0019642727,100,8
1971,1980,-.0049068797,.0019312092,100,9
1971,1981,-.0036001608,.00181265,100,10
1971,1982,-.0022370229,.0017697463,100,11
1971,1983,-.0021006018,.0016909447,100,12
1971,1984,-.0020343834,.0016022336,100,13
1971,1985,-.0014069672,.0015568793,100,14
1971,1986,-.0022884845,.0014737505,100,15
1971,1987,-.0036337213,.001410226,100,16
1971,1988,-.0038433585,.0013567189,100,17
1971,1989,-.0039420594,.0013617321,100,18
1971,1990,-.0041042087,.0013891567,100,19
1971,1991,-.0041242489,.0013553689,100,20
1971,1992,-.0043944367,.0013971151,100,21
1971,1993,-.0042514415,.0014103773,100,22
1971,1994,-.0044856332,.0014574152,100,23
1971,1995,-.0040848018,.0014437215,100,24
1971,1996,-.0039397767,.0014447729,100,25
1971,1997,-.0040570172,.0013684565,100,26
1971,1998,-.0044384631,.0013070559,100,27
1971,1999,-.0044624452,.0012971775,100,28
1971,2000,-.0046426728,.0012625817,100,29
1971,2001,-.0041281022,.0012693797,100,30
1971,2002,-.0037475729,.0012578584,100,31
1971,2003,-.0034573728,.001257455,100,32
1971,2004,-.0032714568,.0012350711,100,33
1971,2005,-.0032164152,.0012411854,100,34
1971,2006,-.0029224739,.0012668485,100,35
1971,2007,-.0027131347,.0012491288,100,36
1971,2008,-.002343334,.0012501325,100,37
1971,2009,-.0015832783,.0012765893,100,38
1971,2010,-.0012881124,.0013007247,100,39
1971,2011,-.00088488765,.0013221867,100,40
1971,2012,-.00063985336,.0012991647,100,41
1971,2013,-.00042625339,.0013189927,100,42
1971,2014,-.00016513106,.0013037644,100,43
1971,2015,-.00010107918,.0012819185,100,44
1971,2016,-.000075524651,.0012600456,100,45
1971,2017,-.0001507384,.0012472445,100,46
1971,2018,-.000061387182,.0012417046,100,47
1971,2019,.00011763909,.001245774,100,48
1972,1973,-.01702212,.0049464121,100,1
1972,1974,-.005560799,.0034133806,100,2
1972,1975,-.0035971811,.0027562764,100,3
1972,1976,-.0011514181,.0029488399,100,4
1972,1977,-.00069679128,.0024369925,100,5
1972,1978,-.0020788172,.0021353024,100,6
1972,1979,-.0030920943,.0021126757,100,7
1972,1980,-.0042134384,.0020691524,100,8
1972,1981,-.0028779488,.0019652327,100,9
1972,1982,-.0015157395,.001930735,100,10
1972,1983,-.0014527357,.0018318094,100,11
1972,1984,-.0014320707,.0017208664,100,12
1972,1985,-.00077585538,.0017100465,100,13
1972,1986,-.0017696602,.0016086973,100,14
1972,1987,-.0032556732,.0015042152,100,15
1972,1988,-.0035296881,.0014068811,100,16
1972,1989,-.0036537768,.001412709,100,17
1972,1990,-.003895157,.0014304166,100,18
1972,1991,-.0039419765,.0014006362,100,19
1972,1992,-.0042552697,.0014289171,100,20
1972,1993,-.0041680639,.0014382071,100,21
1972,1994,-.0044405549,.0014881517,100,22
1972,1995,-.004023477,.0014864311,100,23
1972,1996,-.0038917148,.0014942435,100,24
1972,1997,-.00401475,.0014092483,100,25
1972,1998,-.0044071521,.0013503334,100,26
1972,1999,-.0044302433,.0013399993,100,27
1972,2000,-.0046209306,.0013038139,100,28
1972,2001,-.0041057765,.0013127318,100,29
1972,2002,-.0037287094,.0013008841,100,30
1972,2003,-.0034376085,.0013014782,100,31
1972,2004,-.003270559,.0012710936,100,32
1972,2005,-.0032296977,.001276199,100,33
1972,2006,-.0029197179,.0013066197,100,34
1972,2007,-.0027049235,.0012861529,100,35
1972,2008,-.002323366,.0012843554,100,36
1972,2009,-.0015562937,.0013151782,100,37
1972,2010,-.0012559436,.0013370113,100,38
1972,2011,-.00083558582,.00135758,100,39
1972,2012,-.00057645421,.001328409,100,40
1972,2013,-.00035183117,.0013517268,100,41
1972,2014,-.000086896813,.001336236,100,42
1972,2015,-.0000267709,.0013123443,100,43
1972,2016,-2.6007501e-07,.0012894475,100,44
1972,2017,-.000077117809,.0012766122,100,45
1972,2018,.00001224493,.0012715751,100,46
1972,2019,.00018889444,.0012755519,100,47
1973,1974,.0061624395,.0049299733,100,1
1973,1975,.0030716094,.0029629869,100,2
1973,1976,.0039636819,.0033524078,100,3
1973,1977,.0029689891,.0024578213,100,4
1973,1978,.00051223621,.0020895097,100,5
1973,1979,-.001099131,.0021748147,100,6
1973,1980,-.0026967239,.0020997799,100,7
1973,1981,-.0014451217,.0019754753,100,8
1973,1982,-.00012418149,.0019542617,100,9
1973,1983,-.00023502325,.0018369027,100,10
1973,1984,-.00041333275,.0017186205,100,11
1973,1985,.00020862377,.0017117275,100,12
1973,1986,-.00091840076,.0016073883,100,13
1973,1987,-.0025869708,.0014900807,100,14
1973,1988,-.0029530253,.0013810269,100,15
1973,1989,-.0031349268,.0013913012,100,16
1973,1990,-.0034343142,.0014042289,100,17
1973,1991,-.0035183737,.0013799712,100,18
1973,1992,-.0038723056,.0014139389,100,19
1973,1993,-.0038171315,.0014228895,100,20
1973,1994,-.0041257488,.0014725196,100,21
1973,1995,-.003726129,.0014708606,100,22
1973,1996,-.0036215337,.0014774222,100,23
1973,1997,-.0037642792,.001392649,100,24
1973,1998,-.0041513699,.0013371914,100,25
1973,1999,-.0041853683,.0013278743,100,26
1973,2000,-.0044047846,.0012915595,100,27
1973,2001,-.0038823446,.0012968116,100,28
1973,2002,-.0035075408,.0012830074,100,29
1973,2003,-.0032068545,.0012857979,100,30
1973,2004,-.0030417372,.0012556644,100,31
1973,2005,-.0029922954,.0012629696,100,32
1973,2006,-.002693905,.0012921717,100,33
1973,2007,-.0024958139,.0012715413,100,34
1973,2008,-.0021121884,.0012699884,100,35
1973,2009,-.0013349275,.0013022207,100,36
1973,2010,-.0010428169,.0013238459,100,37
1973,2011,-.00062471261,.0013437123,100,38
1973,2012,-.00036456127,.0013174178,100,39
1973,2013,-.00014956281,.0013386081,100,40
1973,2014,.0001083575,.0013233655,100,41
1973,2015,.00016457059,.0013020815,100,42
1973,2016,.00019398495,.0012813705,100,43
1973,2017,.00012158245,.0012704512,100,44
1973,2018,.0002130833,.001267445,100,45
1973,2019,.00039061849,.0012723497,100,46
1974,1975,-.000083924009,.004704807,100,1
1974,1976,.0029967397,.004864125,100,2
1974,1977,.0020065585,.0032387688,100,3
1974,1978,-.00076974841,.0025229519,100,4
1974,1979,-.0024688186,.0025518176,100,5
1974,1980,-.004199117,.0022945206,100,6
1974,1981,-.0024865146,.0021941089,100,7
1974,1982,-.00088560756,.0021676805,100,8
1974,1983,-.00089853362,.0020214743,100,9
1974,1984,-.00098927144,.0018630939,100,10
1974,1985,-.00023138897,.0018844339,100,11
1974,1986,-.0013974829,.0017686539,100,12
1974,1987,-.0031350607,.0016169581,100,13
1974,1988,-.0034742656,.001490297,100,14
1974,1989,-.003622568,.0014936927,100,15
1974,1990,-.0039470415,.0014892282,100,16
1974,1991,-.0039862744,.001462128,100,17
1974,1992,-.004349919,.0014861207,100,18
1974,1993,-.004256933,.0014910421,100,19
1974,1994,-.0045725908,.0015386107,100,20
1974,1995,-.004131048,.0015423892,100,21
1974,1996,-.004024778,.0015488664,100,22
1974,1997,-.0041349228,.0014557417,100,23
1974,1998,-.0045007057,.001401077,100,24
1974,1999,-.0045203664,.0013941088,100,25
1974,2000,-.0047165472,.0013521567,100,26
1974,2001,-.0041469475,.0013628994,100,27
1974,2002,-.0037476765,.0013493218,100,28
1974,2003,-.0034364637,.0013530479,100,29
1974,2004,-.0032676,.0013134459,100,30
1974,2005,-.0032104552,.0013191345,100,31
1974,2006,-.0028869524,.0013477165,100,32
1974,2007,-.002670516,.0013201804,100,33
1974,2008,-.002278205,.0013136639,100,34
1974,2009,-.001473228,.0013459848,100,35
1974,2010,-.0011772512,.0013632861,100,36
1974,2011,-.00075062242,.0013799563,100,37
1974,2012,-.00048313872,.0013488973,100,38
1974,2013,-.0002651992,.0013727857,100,39
1974,2014,1.8679000e-06,.0013582156,100,40
1974,2015,.000067217938,.0013362714,100,41
1974,2016,.00010001951,.0013166413,100,42
1974,2017,.000025268739,.0013044808,100,43
1974,2018,.0001207664,.00130191,100,44
1974,2019,.00030520011,.0013082764,100,45
1975,1976,.0026541774,.0050453595,100,1
1975,1977,.0023201292,.0039312337,100,2
1975,1978,-.0015962896,.0028620295,100,3
1975,1979,-.0034169715,.002823283,100,4
1975,1980,-.0052647423,.0025274516,100,5
1975,1981,-.0031843316,.0023296045,100,6
1975,1982,-.0016447684,.0021525407,100,7
1975,1983,-.0015213223,.0020415676,100,8
1975,1984,-.0013850796,.0018994237,100,9
1975,1985,-.00051664707,.0018964026,100,10
1975,1986,-.0018712502,.0017638013,100,11
1975,1987,-.0036757418,.0016227616,100,12
1975,1988,-.0040941956,.0014775742,100,13
1975,1989,-.0043726438,.001437896,100,14
1975,1990,-.0046723392,.0014648873,100,15
1975,1991,-.0046460959,.00145556,100,16
1975,1992,-.0050234478,.0014763535,100,17
1975,1993,-.004974986,.0014926547,100,18
1975,1994,-.0053193183,.0015550129,100,19
1975,1995,-.0048536416,.0015424147,100,20
1975,1996,-.0047397506,.0015426585,100,21
1975,1997,-.0048088022,.0014382469,100,22
1975,1998,-.0051739248,.0013833705,100,23
1975,1999,-.0051665362,.0013696505,100,24
1975,2000,-.0053529781,.0013252249,100,25
1975,2001,-.0047599454,.0013338794,100,26
1975,2002,-.0043337946,.0013204281,100,27
1975,2003,-.0039989883,.0013237577,100,28
1975,2004,-.0038126004,.0012868259,100,29
1975,2005,-.0037514055,.0012914599,100,30
1975,2006,-.0034262163,.0013187025,100,31
1975,2007,-.0031849863,.0012931436,100,32
1975,2008,-.0027778943,.0012896404,100,33
1975,2009,-.0019313736,.0013241916,100,34
1975,2010,-.0016231739,.0013422149,100,35
1975,2011,-.001183297,.0013587036,100,36
1975,2012,-.00088709622,.0013285916,100,37
1975,2013,-.00064807956,.0013516091,100,38
1975,2014,-.00036364351,.0013362508,100,39
1975,2015,-.00029142815,.0013148973,100,40
1975,2016,-.00024621541,.0012936451,100,41
1975,2017,-.00032481234,.0012830715,100,42
1975,2018,-.00022724169,.0012796108,100,43
1975,2019,-.000046460817,.001285307,100,44
1976,1977,.0051866663,.0056979209,100,1
1976,1978,-.0021818217,.0038046902,100,2
1976,1979,-.0043255258,.0034113799,100,3
1976,1980,-.0063683465,.0029668831,100,4
1976,1981,-.0036569312,.0026336103,100,5
1976,1982,-.0023940543,.0023248368,100,6
1976,1983,-.0018994267,.0022346689,100,7
1976,1984,-.0013703033,.0021397553,100,8
1976,1985,-.00036950861,.0020699368,100,9
1976,1986,-.0020170035,.0018556543,100,10
1976,1987,-.0038692839,.0017364582,100,11
1976,1988,-.0044853985,.0015633246,100,12
1976,1989,-.0050967489,.001471805,100,13
1976,1990,-.0052187699,.0015141993,100,14
1976,1991,-.0050508198,.001502384,100,15
1976,1992,-.0055031348,.0015060775,100,16
1976,1993,-.0054457551,.0015253313,100,17
1976,1994,-.0057613845,.001601248,100,18
1976,1995,-.0052858912,.0015747569,100,19
1976,1996,-.005171834,.001566431,100,20
1976,1997,-.0052332529,.0014597495,100,21
1976,1998,-.0055685346,.0014007225,100,22
1976,1999,-.0055299238,.0013858111,100,23
1976,2000,-.0056986217,.0013474238,100,24
1976,2001,-.0050445949,.0013602534,100,25
1976,2002,-.0045593563,.0013518173,100,26
1976,2003,-.0041783135,.001355534,100,27
1976,2004,-.0039432687,.0013258115,100,28
1976,2005,-.003835045,.0013338379,100,29
1976,2006,-.0035257647,.0013580202,100,30
1976,2007,-.0032679648,.0013353491,100,31
1976,2008,-.0028499425,.0013306962,100,32
1976,2009,-.0019434911,.001366939,100,33
1976,2010,-.00162848,.0013842027,100,34
1976,2011,-.001202158,.0013960277,100,35
1976,2012,-.0009087692,.0013639024,100,36
1976,2013,-.00066787686,.0013869214,100,37
1976,2014,-.00038549284,.0013687706,100,38
1976,2015,-.00031990485,.0013443748,100,39
1976,2016,-.00026688268,.0013195615,100,40
1976,2017,-.00035433139,.0013070131,100,41
1976,2018,-.00025891245,.0013020865,100,42
1976,2019,-.000079222831,.0013059446,100,43
1977,1978,-.010621509,.0041760253,100,1
1977,1979,-.0099981027,.0038623246,100,2
1977,1980,-.011027286,.0032375036,100,3
1977,1981,-.0063863518,.002928718,100,4
1977,1982,-.0039595119,.0026157289,100,5
1977,1983,-.0033469305,.0024435418,100,6
1977,1984,-.0028311273,.0022368659,100,7
1977,1985,-.001596256,.0021240888,100,8
1977,1986,-.0033188188,.0019083518,100,9
1977,1987,-.0053138309,.0017597966,100,10
1977,1988,-.0057097175,.0016129165,100,11
1977,1989,-.0061212312,.0015635398,100,12
1977,1990,-.006334825,.0015948623,100,13
1977,1991,-.0061771055,.0015655457,100,14
1977,1992,-.006583605,.0015794362,100,15
1977,1993,-.0064790873,.0016057465,100,16
1977,1994,-.0067876885,.0016902544,100,17
1977,1995,-.0062510129,.0016581712,100,18
1977,1996,-.0060772668,.0016412612,100,19
1977,1997,-.0060721729,.0015163049,100,20
1977,1998,-.0063924943,.0014454189,100,21
1977,1999,-.0063247574,.0014288294,100,22
1977,2000,-.0064465255,.0013808138,100,23
1977,2001,-.0057453895,.0013952315,100,24
1977,2002,-.0052367789,.0013831017,100,25
1977,2003,-.0048446674,.0013869685,100,26
1977,2004,-.0045754276,.0013531223,100,27
1977,2005,-.0044310512,.0013580918,100,28
1977,2006,-.0040873946,.0013870355,100,29
1977,2007,-.0037902161,.0013624436,100,30
1977,2008,-.0033685686,.0013560886,100,31
1977,2009,-.0024183348,.0013863383,100,32
1977,2010,-.0020780608,.001401449,100,33
1977,2011,-.0016108131,.0014150483,100,34
1977,2012,-.0013074577,.0013806935,100,35
1977,2013,-.0010522396,.0014075056,100,36
1977,2014,-.00075619231,.0013892129,100,37
1977,2015,-.00068730547,.0013637331,100,38
1977,2016,-.00062373484,.0013394307,100,39
1977,2017,-.00069936522,.0013273077,100,40
1977,2018,-.00058902474,.0013230636,100,41
1977,2019,-.00040184177,.0013285653,100,42
1978,1979,-.010550017,.005387817,101,1
1978,1980,-.012400246,.0037993609,101,2
1978,1981,-.0057466719,.0033112629,101,3
1978,1982,-.0030067917,.0028416889,101,4
1978,1983,-.0024143294,.0026453531,101,5
1978,1984,-.0020260077,.0023542475,101,6
1978,1985,-.00075814535,.0022431489,101,7
1978,1986,-.0028353864,.0019880116,101,8
1978,1987,-.0050985781,.0018075061,101,9
1978,1988,-.005652098,.0015758572,101,10
1978,1989,-.0061732815,.001520992,101,11
1978,1990,-.0063823764,.001579579,101,12
1978,1991,-.0062344507,.0015563683,101,13
1978,1992,-.0066894372,.0015718859,101,14
1978,1993,-.0065986402,.0016058005,101,15
1978,1994,-.0069479058,.0017098391,101,16
1978,1995,-.0063717188,.0016810481,101,17
1978,1996,-.0061928839,.0016637711,101,18
1978,1997,-.0061614155,.0015314308,101,19
1978,1998,-.0064701908,.0014642152,101,20
1978,1999,-.0063931174,.0014485472,101,21
1978,2000,-.0065083927,.0013971655,101,22
1978,2001,-.0057850559,.0014135565,101,23
1978,2002,-.0052589285,.0013999661,101,24
1978,2003,-.0048458809,.0014036964,101,25
1978,2004,-.0045756837,.0013637921,101,26
1978,2005,-.0044110636,.0013678701,101,27
1978,2006,-.0040496867,.0013993223,101,28
1978,2007,-.0037318163,.0013738035,101,29
1978,2008,-.0033101982,.001365013,101,30
1978,2009,-.0023460966,.0013988381,101,31
1978,2010,-.0019943577,.0014136649,101,32
1978,2011,-.0015130943,.0014290462,101,33
1978,2012,-.00122123,.0013919502,101,34
1978,2013,-.00096646603,.0014186265,101,35
1978,2014,-.00067175255,.0014001915,101,36
1978,2015,-.00061031245,.0013750711,101,37
1978,2016,-.00053737249,.0013517241,101,38
1978,2017,-.00061289774,.0013402863,101,39
1978,2018,-.0005047603,.0013348045,101,40
1978,2019,-.00032065806,.0013402802,101,41
1979,1980,-.014753543,.0045259977,101,1
1979,1981,-.0038358136,.0035985396,101,2
1979,1982,-.00082581071,.002980924,101,3
1979,1983,-.0007310459,.002858809,101,4
1979,1984,-.00076785329,.0024690912,101,5
1979,1985,.00047140129,.0022768893,101,6
1979,1986,-.0020827847,.0019861509,101,7
1979,1987,-.004707186,.0018583244,101,8
1979,1988,-.0054688272,.0016102711,101,9
1979,1989,-.0060125543,.0015529511,101,10
1979,1990,-.0062557701,.0016349886,101,11
1979,1991,-.0061359117,.0016077675,101,12
1979,1992,-.0066362424,.0016419375,101,13
1979,1993,-.0065356512,.0016790426,101,14
1979,1994,-.0068377922,.0018162499,101,15
1979,1995,-.0062774988,.0017586125,101,16
1979,1996,-.0061240187,.0017157423,101,17
1979,1997,-.0060646813,.0015685635,101,18
1979,1998,-.0063744434,.001493111,101,19
1979,1999,-.0062900367,.001477796,101,20
1979,2000,-.0063986033,.0014189561,101,21
1979,2001,-.0056545003,.0014344261,101,22
1979,2002,-.0051108813,.0014221192,101,23
1979,2003,-.0046938215,.0014254292,101,24
1979,2004,-.004423182,.0013863677,101,25
1979,2005,-.0042599863,.0013899598,101,26
1979,2006,-.0039102882,.0014205546,101,27
1979,2007,-.0035913016,.001394973,101,28
1979,2008,-.0031657645,.0013831299,101,29
1979,2009,-.0021932444,.0014129678,101,30
1979,2010,-.001848415,.0014255624,101,31
1979,2011,-.0013594405,.0014389963,101,32
1979,2012,-.0010597962,.0014059375,101,33
1979,2013,-.00080792652,.0014311882,101,34
1979,2014,-.00050120859,.0014118816,101,35
1979,2015,-.00042929931,.0013874319,101,36
1979,2016,-.00036023214,.0013639089,101,37
1979,2017,-.000442252,.0013503954,101,38
1979,2018,-.00034798926,.0013416343,101,39
1979,2019,-.00016839462,.0013458966,101,40
1980,1981,.0065100505,.0051331329,101,1
1980,1982,.0058680628,.0036570933,101,2
1980,1983,.0036695052,.0032584236,101,3
1980,1984,.0025371714,.0027168472,101,4
1980,1985,.0034854796,.0025287787,101,5
1980,1986,.000046598976,.0021864639,101,6
1980,1987,-.0032714591,.0020287421,101,7
1980,1988,-.0041420748,.0017621043,101,8
1980,1989,-.0048513664,.0016936418,101,9
1980,1990,-.0053411704,.001743339,101,10
1980,1991,-.0052821385,.0017410344,101,11
1980,1992,-.0059398809,.0017827261,101,12
1980,1993,-.0059210197,.0018278571,101,13
1980,1994,-.0063081626,.0019817613,101,14
1980,1995,-.0057663708,.0019070477,101,15
1980,1996,-.0056324406,.0018528961,101,16
1980,1997,-.0055681407,.0016704829,101,17
1980,1998,-.0059073297,.0015913536,101,18
1980,1999,-.0058386801,.0015656217,101,19
1980,2000,-.0059545226,.0014946905,101,20
1980,2001,-.0051986258,.0015030692,101,21
1980,2002,-.0046544396,.0014838275,101,22
1980,2003,-.0042513325,.0014864823,101,23
1980,2004,-.0040149614,.001434749,101,24
1980,2005,-.003874036,.0014340878,101,25
1980,2006,-.0035369617,.0014555386,101,26
1980,2007,-.003218513,.0014227477,101,27
1980,2008,-.0028033587,.0014089113,101,28
1980,2009,-.0018168218,.0014387149,101,29
1980,2010,-.0014778455,.0014491538,101,30
1980,2011,-.00099922437,.0014589359,101,31
1980,2012,-.00070788577,.0014219253,101,32
1980,2013,-.00047361522,.0014421759,101,33
1980,2014,-.00016717911,.0014207197,101,34
1980,2015,-.000091082824,.0013965131,101,35
1980,2016,-.000028184697,.001371333,101,36
1980,2017,-.00011957381,.0013587372,101,37
1980,2018,-.000021940123,.0013499587,101,38
1980,2019,.00015098395,.0013540791,101,39
1981,1982,.0049777315,.0044699544,101,1
1981,1983,.0017740673,.0037950745,101,2
1981,1984,.00079004944,.0029446194,101,3
1981,1985,.002268231,.0025246632,101,4
1981,1986,-.001608504,.002186985,101,5
1981,1987,-.0052367477,.0021119271,101,6
1981,1988,-.0058511985,.0018751939,101,7
1981,1989,-.006494008,.0017575036,101,8
1981,1990,-.0069830492,.0018410736,101,9
1981,1991,-.0068557886,.0018097101,101,10
1981,1992,-.0074520456,.0018957858,101,11
1981,1993,-.0074442676,.0019447653,101,12
1981,1994,-.007743434,.0021296842,101,13
1981,1995,-.007078304,.0020435103,101,14
1981,1996,-.0068828571,.0019726695,101,15
1981,1997,-.0066704955,.0017370722,101,16
1981,1998,-.0069326623,.0016476904,101,17
1981,1999,-.006771218,.0016132984,101,18
1981,2000,-.0068019475,.0015372972,101,19
1981,2001,-.0059891609,.001539839,101,20
1981,2002,-.0053878012,.0015222961,101,21
1981,2003,-.0049286904,.0015324557,101,22
1981,2004,-.0046420475,.0014848126,101,23
1981,2005,-.0044520521,.0014903991,101,24
1981,2006,-.0040864488,.0015075032,101,25
1981,2007,-.0037359833,.0014730606,101,26
1981,2008,-.0032729793,.0014570298,101,27
1981,2009,-.0022800595,.0014847304,101,28
1981,2010,-.0019245696,.0014981723,101,29
1981,2011,-.0014160179,.0015081732,101,30
1981,2012,-.0011123173,.0014650257,101,31
1981,2013,-.00085645675,.0014783031,101,32
1981,2014,-.00052697852,.0014521256,101,33
1981,2015,-.00043045229,.0014252536,101,34
1981,2016,-.0003594541,.0013963284,101,35
1981,2017,-.00044848482,.0013821104,101,36
1981,2018,-.00034242548,.0013698122,101,37
1981,2019,-.00016380291,.0013740626,101,38
1982,1983,-.001592365,.0044939974,101,1
1982,1984,-.00083589274,.0033811459,101,2
1982,1985,.0017799919,.002750989,101,3
1982,1986,-.0032190571,.0022331714,101,4
1982,1987,-.0072228746,.0021968507,101,5
1982,1988,-.0078012003,.0019355741,101,6
1982,1989,-.0085710203,.0017851208,101,7
1982,1990,-.0088599985,.0018329154,101,8
1982,1991,-.0083734393,.0018584148,101,9
1982,1992,-.0089412378,.0019754549,101,10
1982,1993,-.0088186385,.0020353247,101,11
1982,1994,-.0091194259,.0022136872,101,12
1982,1995,-.0083192699,.0021075069,101,13
1982,1996,-.0080218706,.0020327894,101,14
1982,1997,-.0076810513,.0017734177,101,15
1982,1998,-.0078503937,.0016743741,101,16
1982,1999,-.0076123788,.0016352554,101,17
1982,2000,-.0075760386,.0015506456,101,18
1982,2001,-.0066900346,.0015464816,101,19
1982,2002,-.0060026119,.0015303966,101,20
1982,2003,-.0054858825,.0015439456,101,21
1982,2004,-.0051466199,.0014955082,101,22
1982,2005,-.0049152756,.0014996702,101,23
1982,2006,-.0045328643,.0015115555,101,24
1982,2007,-.0041493941,.0014758843,101,25
1982,2008,-.0036478692,.0014604547,101,26
1982,2009,-.0025988275,.0014898545,101,27
1982,2010,-.0022312065,.0015034708,101,28
1982,2011,-.0017078797,.0015114808,101,29
1982,2012,-.0013915162,.0014671364,101,30
1982,2013,-.0011217362,.0014782815,101,31
1982,2014,-.00077901618,.0014490889,101,32
1982,2015,-.00067356933,.0014223886,101,33
1982,2016,-.00059590844,.0013923512,101,34
1982,2017,-.00069237564,.0013759297,101,35
1982,2018,-.00058497401,.0013622944,101,36
1982,2019,-.00040984817,.0013633585,101,37
1983,1984,-.0014746115,.0042302622,101,1
1983,1985,.0025051804,.00299264,101,2
1983,1986,-.0042586541,.0025339294,101,3
1983,1987,-.0091945836,.0023435175,101,4
1983,1988,-.0093638999,.0020645827,101,5
1983,1989,-.0098283738,.0019714022,101,6
1983,1990,-.010180364,.0019687454,101,7
1983,1991,-.0095597943,.0020192482,101,8
1983,1992,-.010029714,.002125368,101,9
1983,1993,-.0098333443,.0021863056,101,10
1983,1994,-.010086317,.0023707196,101,11
1983,1995,-.0091816504,.0022327157,101,12
1983,1996,-.0088182706,.002152629,101,13
1983,1997,-.0083520915,.0018601244,101,14
1983,1998,-.0084688812,.0017519719,101,15
1983,1999,-.0081897853,.001705074,101,16
1983,2000,-.0081114797,.0016026836,101,17
1983,2001,-.0071657542,.001593837,101,18
1983,2002,-.0064213378,.0015717432,101,19
1983,2003,-.0058564972,.0015847565,101,20
1983,2004,-.0054950579,.0015252647,101,21
1983,2005,-.0052398029,.0015260102,101,22
1983,2006,-.0048279958,.0015331145,101,23
1983,2007,-.0044393446,.0014869641,101,24
1983,2008,-.0039000185,.0014683978,101,25
1983,2009,-.0028460994,.0014932711,101,26
1983,2010,-.0024662283,.0015024616,101,27
1983,2011,-.0019147879,.001507439,101,28
1983,2012,-.0015840672,.0014587578,101,29
1983,2013,-.0013131647,.0014677512,101,30
1983,2014,-.00095383479,.0014371633,101,31
1983,2015,-.00083993946,.0014113798,101,32
1983,2016,-.00075782242,.0013795316,101,33
1983,2017,-.00085615588,.0013628515,101,34
1983,2018,-.00074181939,.0013475171,101,35
1983,2019,-.00056372263,.0013468355,101,36
1984,1985,.0063344128,.0043077949,103,1
1984,1986,-.0054412782,.0034123794,103,2
1984,1987,-.011896885,.0029382859,103,3
1984,1988,-.011143499,.0024530711,103,4
1984,1989,-.010919937,.0022965199,103,5
1984,1990,-.011336549,.002225969,103,6
1984,1991,-.010583224,.002244628,103,7
1984,1992,-.011022465,.0023653933,103,8
1984,1993,-.010717294,.0024062258,103,9
1984,1994,-.010952016,.0025813987,103,10
1984,1995,-.0099210571,.0024144067,103,11
1984,1996,-.0094551332,.0023133834,103,12
1984,1997,-.0088577839,.0019565232,103,13
1984,1998,-.0089229392,.0018271571,103,14
1984,1999,-.0085808104,.0017709124,103,15
1984,2000,-.0084796539,.0016433825,103,16
1984,2001,-.0074608773,.0016325932,103,17
1984,2002,-.0066827983,.0016064349,103,18
1984,2003,-.0061213491,.0016218242,103,19
1984,2004,-.0057564536,.0015549833,103,20
1984,2005,-.0054665776,.0015583056,103,21
1984,2006,-.0050424826,.0015644256,103,22
1984,2007,-.0046656393,.0015109106,103,23
1984,2008,-.0041221543,.0014877993,103,24
1984,2009,-.0030392646,.0015138248,103,25
1984,2010,-.0026365966,.0015219158,103,26
1984,2011,-.0020616776,.001525046,103,27
1984,2012,-.001725623,.001468283,103,28
1984,2013,-.0014437001,.0014772097,103,29
1984,2014,-.001063031,.001446556,103,30
1984,2015,-.00094724388,.0014210169,103,31
1984,2016,-.00085599488,.00139226,103,32
1984,2017,-.0009496577,.0013737496,103,33
1984,2018,-.0008260067,.0013568902,103,34
1984,2019,-.00064720638,.0013572094,103,35
1985,1986,-.017033579,.0055916617,103,1
1985,1987,-.020829929,.0042022611,103,2
1985,1988,-.016742405,.0033407211,103,3
1985,1989,-.014986346,.0029834856,103,4
1985,1990,-.014744502,.0027720097,103,5
1985,1991,-.013451553,.0026478095,103,6
1985,1992,-.013431961,.0027410225,103,7
1985,1993,-.012817753,.0027452335,103,8
1985,1994,-.012853327,.0029317813,103,9
1985,1995,-.011564937,.0026739165,103,10
1985,1996,-.010963873,.002524944,103,11
1985,1997,-.010170843,.0021188655,103,12
1985,1998,-.010151813,.0019675395,103,13
1985,1999,-.0097137252,.0018902472,103,14
1985,2000,-.0095265098,.0017512562,103,15
1985,2001,-.0083924495,.0017290266,103,16
1985,2002,-.0075178244,.0016996753,103,17
1985,2003,-.0068695117,.0017109421,103,18
1985,2004,-.0064244051,.0016494058,103,19
1985,2005,-.006072368,.0016534862,103,20
1985,2006,-.0056002326,.0016486569,103,21
1985,2007,-.0051789,.0015931148,103,22
1985,2008,-.0045880456,.0015662547,103,23
1985,2009,-.0034583108,.0015868933,103,24
1985,2010,-.0030204891,.0015924126,103,25
1985,2011,-.0024053336,.0015904366,103,26
1985,2012,-.0020376155,.0015276148,103,27
1985,2013,-.0017275341,.0015353523,103,28
1985,2014,-.0013253144,.0014995522,103,29
1985,2015,-.0011900146,.0014713623,103,30
1985,2016,-.0010898939,.0014359839,103,31
1985,2017,-.0011756209,.0014162177,103,32
1985,2018,-.0010412339,.0013966676,103,33
1985,2019,-.00085334323,.001395207,103,34
1986,1987,-.025640814,.005115475,103,1
1986,1988,-.017267384,.0038255798,103,2
1986,1989,-.015282908,.0030529373,103,3
1986,1990,-.015017008,.0028433965,103,4
1986,1991,-.013462192,.0027122374,103,5
1986,1992,-.013630245,.0028272772,103,6
1986,1993,-.013014202,.0028490312,103,7
1986,1994,-.013142535,.0030799932,103,8
1986,1995,-.01172566,.0027717787,103,9
1986,1996,-.011085621,.0026080604,103,10
1986,1997,-.010167179,.0021446305,103,11
1986,1998,-.010151207,.0019671272,103,12
1986,1999,-.0096668592,.0018837398,103,13
1986,2000,-.0094183981,.0017472687,103,14
1986,2001,-.0082016308,.0017297851,103,15
1986,2002,-.007229791,.001707089,103,16
1986,2003,-.006559934,.0017224359,103,17
1986,2004,-.0060802572,.0016656945,103,18
1986,2005,-.0056964448,.001682197,103,19
1986,2006,-.0052373027,.0016705598,103,20
1986,2007,-.0047963993,.001612128,103,21
1986,2008,-.0041967961,.0015850732,103,22
1986,2009,-.0030416474,.0016056746,103,23
1986,2010,-.0026085838,.0016130503,103,24
1986,2011,-.0019988487,.0016097751,103,25
1986,2012,-.001661178,.0015337077,103,26
1986,2013,-.0013627562,.0015428045,103,27
1986,2014,-.00096419221,.0015046714,103,28
1986,2015,-.00084088661,.0014719374,103,29
1986,2016,-.00075444893,.0014331271,103,30
1986,2017,-.00086258916,.0014098801,103,31
1986,2018,-.00073256734,.0013907121,103,32
1986,2019,-.00055343105,.0013884681,103,33
1987,1988,-.0088322004,.0049535702,103,1
1987,1989,-.0098397937,.0035045473,103,2
1987,1990,-.011537098,.0031278131,103,3
1987,1991,-.010651162,.0028628411,103,4
1987,1992,-.011468699,.0029211976,103,5
1987,1993,-.011136133,.0029577783,103,6
1987,1994,-.011662101,.0031968304,103,7
1987,1995,-.01028427,.0028340151,103,8
1987,1996,-.0097147655,.0026874142,103,9
1987,1997,-.0088248719,.0021937648,103,10
1987,1998,-.0089055076,.0020153101,103,11
1987,1999,-.0084743919,.0019351969,103,12
1987,2000,-.0083311051,.0017821322,103,13
1987,2001,-.0071136802,.0017678007,103,14
1987,2002,-.0061664218,.0017472256,103,15
1987,2003,-.0055251317,.0017660211,103,16
1987,2004,-.0050961222,.0017037162,103,17
1987,2005,-.0047550839,.0017284417,103,18
1987,2006,-.0043440717,.0017106234,103,19
1987,2007,-.0039500957,.0016423339,103,20
1987,2008,-.0033734774,.0016103876,103,21
1987,2009,-.002217696,.0016322385,103,22
1987,2010,-.0018198467,.0016359037,103,23
1987,2011,-.0012235084,.0016291067,103,24
1987,2012,-.00091882434,.0015342694,103,25
1987,2013,-.00065076823,.0015479433,103,26
1987,2014,-.00026493077,.0015084917,103,27
1987,2015,-.00015911985,.0014739657,103,28
1987,2016,-.000098248005,.0014316789,103,29
1987,2017,-.00023697033,.0014040767,103,30
1987,2018,-.00012840533,.0013844464,103,31
1987,2019,.000040492483,.0013818383,103,32
1988,1989,-.013095079,.0041378937,103,1
1988,1990,-.013639528,.0037792341,103,2
1988,1991,-.011601405,.0034266762,103,3
1988,1992,-.012527183,.0033436625,103,4
1988,1993,-.011788406,.0033976675,103,5
1988,1994,-.012321741,.0035857931,103,6
1988,1995,-.010612163,.0031562967,103,7
1988,1996,-.0099326549,.0029786567,103,8
1988,1997,-.0089274384,.0024165043,103,9
1988,1998,-.0089508118,.0021933515,103,10
1988,1999,-.0084780585,.0020906965,103,11
1988,2000,-.0083243651,.0019063533,103,12
1988,2001,-.0070087877,.0018802771,103,13
1988,2002,-.0059997155,.0018468685,103,14
1988,2003,-.0052887378,.0018611313,103,15
1988,2004,-.0048314775,.0017837846,103,16
1988,2005,-.0044628475,.0018034985,103,17
1988,2006,-.0040378068,.0017869173,103,18
1988,2007,-.0036411476,.0017108195,103,19
1988,2008,-.0030194693,.0016716602,103,20
1988,2009,-.0018233833,.0016961473,103,21
1988,2010,-.0014430303,.0016937928,103,22
1988,2011,-.00084834814,.0016826622,103,23
1988,2012,-.00054882257,.0015786772,103,24
1988,2013,-.0002812343,.001598092,103,25
1988,2014,.0001065199,.0015576276,103,26
1988,2015,.00019991968,.0015191723,103,27
1988,2016,.00024967879,.001473997,103,28
1988,2017,.000093709263,.0014440949,103,29
1988,2018,.00018407588,.0014244624,103,30
1988,2019,.00034180001,.0014200521,103,31
1989,1990,-.01329628,.0061352672,103,1
1989,1991,-.01013548,.0043668873,103,2
1989,1992,-.012227089,.0038924662,103,3
1989,1993,-.011527522,.0037947211,103,4
1989,1994,-.012297399,.0039392612,103,5
1989,1995,-.010338387,.0033725286,103,6
1989,1996,-.0096534248,.003133354,103,7
1989,1997,-.0085712094,.0024659697,103,8
1989,1998,-.0085723372,.0022087838,103,9
1989,1999,-.0080834944,.0020958427,103,10
1989,2000,-.0079087326,.0019104118,103,11
1989,2001,-.006508281,.0018759683,103,12
1989,2002,-.0054412787,.0018423555,103,13
1989,2003,-.0046725231,.0018656094,103,14
1989,2004,-.0041754027,.0018005131,103,15
1989,2005,-.0037794786,.0018406601,103,16
1989,2006,-.0033805771,.0018099709,103,17
1989,2007,-.002973584,.0017350262,103,18
1989,2008,-.0023319214,.0016913441,103,19
1989,2009,-.0010942059,.0017199152,103,20
1989,2010,-.00074273994,.0017208531,103,21
1989,2011,-.0001766972,.0017065303,103,22
1989,2012,.000082761362,.0015881716,103,23
1989,2013,.00032217117,.0016041744,103,24
1989,2014,.00068952574,.001562527,103,25
1989,2015,.00075311936,.0015204962,103,26
1989,2016,.00078666094,.0014762474,103,27
1989,2017,.00059598638,.0014441793,103,28
1989,2018,.00066178438,.0014255132,103,29
1989,2019,.00080282777,.0014226069,103,30
1990,1991,.0012075256,.005586619,121,1
1990,1992,.00065133173,.0058577764,121,2
1990,1993,.000040988005,.0057452139,121,3
1990,1994,-.0026346194,.0055727954,121,4
1990,1995,-.001695661,.004703281,121,5
1990,1996,-.0014262479,.004373699,121,6
1990,1997,-.0008159831,.003449972,121,7
1990,1998,-.0015731817,.0030770719,121,8
1990,1999,-.0016588189,.0028843207,121,9
1990,2000,-.0020754188,.0026290205,121,10
1990,2001,-.0013617461,.0024765541,121,11
1990,2002,-.00083504815,.0023529977,121,12
1990,2003,-.00078506506,.0022807028,121,13
1990,2004,-.00065667677,.0021564919,121,14
1990,2005,-.00070460467,.0021515174,121,15
1990,2006,-.00057188055,.0020829956,121,16
1990,2007,-.00050728949,.0019615381,121,17
1990,2008,-.0001305255,.0018940307,121,18
1990,2009,.0012381574,.0019130578,121,19
1990,2010,.0015078797,.0018901556,121,20
1990,2011,.001829381,.0018483674,121,21
1990,2012,.0019470572,.0017049998,121,22
1990,2013,.0021166785,.0017079366,121,23
1990,2014,.0023839534,.0016509783,121,24
1990,2015,.002449451,.0016001513,121,25
1990,2016,.0024240031,.0015491773,121,26
1990,2017,.0020715282,.0015039101,121,27
1990,2018,.0020559304,.0014808207,121,28
1990,2019,.002038144,.0014673851,121,29
1991,1992,-.0027333819,.0085875299,121,1
1991,1993,-.0032860606,.0067970259,121,2
1991,1994,-.0063265716,.006250612,121,3
1991,1995,-.0042040441,.0049973419,121,4
1991,1996,-.0035655107,.0046250653,121,5
1991,1997,-.0023312469,.0035188808,121,6
1991,1998,-.0029728853,.0030949486,121,7
1991,1999,-.0028462349,.0028955217,121,8
1991,2000,-.0031239812,.0026426793,121,9
1991,2001,-.0021994242,.0024857437,121,10
1991,2002,-.0015219899,.0023642376,121,11
1991,2003,-.0013561212,.002297635,121,12
1991,2004,-.0011236372,.0021946351,121,13
1991,2005,-.0010802981,.0022209946,121,14
1991,2006,-.00087407191,.0021456622,121,15
1991,2007,-.00075660087,.0020237768,121,16
1991,2008,-.000324149,.0019532363,121,17
1991,2009,.0010392613,.0019573737,121,18
1991,2010,.0013266137,.0019305707,121,19
1991,2011,.0016890088,.0018870091,121,20
1991,2012,.0018294781,.0017328761,121,21
1991,2013,.0020036884,.0017308271,121,22
1991,2014,.0023108162,.001675544,121,23
1991,2015,.002392299,.0016226938,121,24
1991,2016,.0023801788,.0015699257,121,25
1991,2017,.0020253761,.001525289,121,26
1991,2018,.002021767,.0015036084,121,27
1991,2019,.0020299994,.0014944664,121,28
1992,1993,-.0087059047,.0069401665,123,1
1992,1994,-.012229438,.0067796442,123,2
1992,1995,-.0081073754,.0048897848,123,3
1992,1996,-.0068446617,.0046152673,123,4
1992,1997,-.0044860332,.0033315988,123,5
1992,1998,-.0051782941,.0029155326,123,6
1992,1999,-.0046166596,.0027754607,123,7
1992,2000,-.0045650438,.0026460504,123,8
1992,2001,-.003312086,.0024324548,123,9
1992,2002,-.0024158077,.002302882,123,10
1992,2003,-.0021479393,.002165975,123,11
1992,2004,-.0017760519,.0020663822,123,12
1992,2005,-.0016834895,.0021046891,123,13
1992,2006,-.001474001,.0020421213,123,14
1992,2007,-.0012427476,.0019517221,123,15
1992,2008,-.00079348398,.001879302,123,16
1992,2009,.00057073147,.001866044,123,17
1992,2010,.00084103714,.0018304415,123,18
1992,2011,.0012450258,.0017881207,123,19
1992,2012,.001424246,.0016426475,123,20
1992,2013,.0015880378,.0016366416,123,21
1992,2014,.0019272707,.0015917855,123,22
1992,2015,.0020340409,.0015462784,123,23
1992,2016,.0020516454,.0014986745,123,24
1992,2017,.0017881602,.0014600096,123,25
1992,2018,.0017951276,.0014468939,123,26
1992,2019,.0018059553,.0014364376,123,27
1993,1994,-.018907269,.009075026,123,1
1993,1995,-.0098571489,.0048652226,123,2
1993,1996,-.0080470759,.0046385005,123,3
1993,1997,-.0044554244,.0034730511,123,4
1993,1998,-.0052067251,.0031949179,123,5
1993,1999,-.0044241529,.0030785715,123,6
1993,2000,-.0042388663,.0031736896,123,7
1993,2001,-.0028994309,.0027794119,123,8
1993,2002,-.0018987546,.0025883166,123,9
1993,2003,-.001662433,.0022540747,123,10
1993,2004,-.0012732693,.0021551938,123,11
1993,2005,-.0011795104,.0021961313,123,12
1993,2006,-.00097569439,.0021090454,123,13
1993,2007,-.00071554288,.0020312977,123,14
1993,2008,-.00026733894,.0019417023,123,15
1993,2009,.0010692663,.0019007343,123,16
1993,2010,.001292074,.0018480081,123,17
1993,2011,.001711545,.0018014839,123,18
1993,2012,.0018858068,.0016522255,123,19
1993,2013,.0020251737,.0016411811,123,20
1993,2014,.002376867,.0015985233,123,21
1993,2015,.0024627966,.0015623724,123,22
1993,2016,.0024772016,.0015128755,123,23
1993,2017,.0022007683,.0014794081,123,24
1993,2018,.0022029632,.0014756283,123,25
1993,2019,.0022062662,.00144399,123,26
1994,1995,-.0012156575,.0053846082,123,1
1994,1996,-.0035024979,.0054009859,123,2
1994,1997,.000084944695,.0045545553,123,3
1994,1998,-.00202631,.0041737263,123,4
1994,1999,-.0017494523,.003855654,123,5
1994,2000,-.0018310252,.0040584016,123,6
1994,2001,-.00062028511,.0034147021,123,7
1994,2002,.00027826932,.0031188407,123,8
1994,2003,.00031045917,.0025441376,123,9
1994,2004,.00060433708,.0024239169,123,10
1994,2005,.00059231307,.0024472747,123,11
1994,2006,.00064937753,.0022973106,123,12
1994,2007,.00083131844,.0022046564,123,13
1994,2008,.0011639878,.002072396,123,14
1994,2009,.0024168792,.0019980774,123,15
1994,2010,.0025482711,.0019165453,123,16
1994,2011,.0029446648,.001858926,123,17
1994,2012,.0030755978,.0017042609,123,18
1994,2013,.0031625056,.0016821305,123,19
1994,2014,.0035167735,.0016454625,123,20
1994,2015,.0035384826,.0016214055,123,21
1994,2016,.0035219088,.0015703035,123,22
1994,2017,.0032116631,.0015356004,123,23
1994,2018,.0031781434,.0015410113,123,24
1994,2019,.0031465262,.0014912146,123,25
1995,1996,-.0076557575,.006492856,123,1
1995,1997,-.0005021941,.0058120727,123,2
1995,1998,-.0032656558,.0051351544,123,3
1995,1999,-.0027432556,.0045527704,123,4
1995,2000,-.0027278173,.004799522,123,5
1995,2001,-.00121195,.0038644935,123,6
1995,2002,-.00017333418,.0034436367,123,7
1995,2003,-.00013531488,.0026451414,123,8
1995,2004,.00021931359,.0025278563,123,9
1995,2005,.00017791321,.002539942,123,10
1995,2006,.00021313052,.0023434192,123,11
1995,2007,.00043062426,.0022614356,123,12
1995,2008,.00080698961,.0021143511,123,13
1995,2009,.0021664842,.0020198913,123,14
1995,2010,.0023023156,.0019311219,123,15
1995,2011,.0027334164,.0018623,123,16
1995,2012,.0028858017,.0016946977,123,17
1995,2013,.0029901029,.0016801665,123,18
1995,2014,.003369628,.0016447498,123,19
1995,2015,.0033758101,.0016273193,123,20
1995,2016,.0033704375,.001572122,123,21
1995,2017,.0030724672,.0015393301,123,22
1995,2018,.0030368892,.0015479397,123,23
1995,2019,.0029833945,.0014764232,123,24
1996,1997,.0061569316,.011028816,123,1
1996,1998,-.0014740616,.0076133227,123,2
1996,1999,-.0016930652,.0060190167,123,3
1996,2000,-.0018522975,.0061151036,123,4
1996,2001,-.00022042796,.0046563908,123,5
1996,2002,.00085493282,.0040075453,123,6
1996,2003,.00076430052,.0028829689,123,7
1996,2004,.0011031698,.0027524675,123,8
1996,2005,.00094821799,.0027393904,123,9
1996,2006,.0008678264,.0024738591,123,10
1996,2007,.0010416526,.0023880983,123,11
1996,2008,.0013832247,.0022079942,123,12
1996,2009,.0027513166,.0020834205,123,13
1996,2010,.0028435641,.0019820689,123,14
1996,2011,.0032620241,.001902711,123,15
1996,2012,.0034193033,.0017223543,123,16
1996,2013,.0034751291,.001708784,123,17
1996,2014,.0038663968,.0016819983,123,18
1996,2015,.0038162868,.0016689714,123,19
1996,2016,.0037966345,.0016126982,123,20
1996,2017,.0034823781,.0015824919,123,21
1996,2018,.0034223534,.0015948068,123,22
1996,2019,.0033452592,.0015044356,123,23
1997,1998,-.01034079,.0054690749,123,1
1997,1999,-.006943149,.0041646622,123,2
1997,2000,-.0060144993,.0042486712,123,3
1997,2001,-.0028650919,.0031660974,123,4
1997,2002,-.0011267377,.0028082803,123,5
1997,2003,-.00075892231,.0022746725,123,6
1997,2004,-.00023989804,.0022470648,123,7
1997,2005,-.00034225013,.0024022576,123,8
1997,2006,-.00028708877,.0022114376,123,9
1997,2007,-4.9273694e-06,.0021073001,123,10
1997,2008,.00047088353,.001984616,123,11
1997,2009,.0021112359,.0019374707,123,12
1997,2010,.0023013675,.0018981586,123,13
1997,2011,.002797609,.0018537394,123,14
1997,2012,.003021264,.001657331,123,15
1997,2013,.0031131848,.0016484545,123,16
1997,2014,.0035201283,.0016051322,123,17
1997,2015,.0034250719,.0015413493,123,18
1997,2016,.0034170896,.0014871171,123,19
1997,2017,.0031162044,.0014537107,123,20
1997,2018,.003050365,.0014487916,123,21
1997,2019,.0030112041,.0014262852,123,22
1998,1999,-.0045121666,.0043933424,123,1
1998,2000,-.0047696661,.0041898363,123,2
1998,2001,-.0010640449,.0028242152,123,3
1998,2002,.00056830945,.0025147737,123,4
1998,2003,.00066932495,.0021706431,123,5
1998,2004,.0010023867,.0022015478,123,6
1998,2005,.00060403178,.0023970974,123,7
1998,2006,.0005175111,.0022211208,123,8
1998,2007,.0007557589,.0021375699,123,9
1998,2008,.0011660823,.0020129264,123,10
1998,2009,.0028827109,.0019629847,123,11
1998,2010,.0030594508,.0019439403,123,12
1998,2011,.0035785439,.0019129242,123,13
1998,2012,.0037869376,.0017190081,123,14
1998,2013,.0038585805,.0017137296,123,15
1998,2014,.0042533819,.0016691432,123,16
1998,2015,.004063278,.0015758849,123,17
1998,2016,.0040150476,.0015228032,123,18
1998,2017,.0036827745,.0014866196,123,19
1998,2018,.0035732095,.0014746573,123,20
1998,2019,.0035096183,.0014702246,123,21
1999,2000,-.0055858172,.0060169902,123,1
1999,2001,.00035705755,.0033225138,123,2
1999,2002,.0020188426,.0029156613,123,3
1999,2003,.0017437107,.002555093,123,4
1999,2004,.0018672966,.0024932174,123,5
1999,2005,.0011564652,.0026445233,123,6
1999,2006,.00097744737,.0024256827,123,7
1999,2007,.001194027,.0023102793,123,8
1999,2008,.0016042322,.0021645986,123,9
1999,2009,.0034870734,.0020976637,123,10
1999,2010,.0036643359,.0020723951,123,11
1999,2011,.0041930317,.0020332006,123,12
1999,2012,.0044254134,.0018414853,123,13
1999,2013,.0044697137,.0018329453,123,14
1999,2014,.0048483587,.001776961,123,15
1999,2015,.0045572924,.0016448982,123,16
1999,2016,.0044589117,.001580969,123,17
1999,2017,.0041018403,.0015409032,123,18
1999,2018,.0039621848,.001524915,123,19
1999,2019,.0038745347,.0015228129,123,20
2000,2001,.0060914317,.0032486266,124,1
2000,2002,.0053659314,.0028276783,124,2
2000,2003,.0038999456,.0030519967,124,3
2000,2004,.0033083721,.002733401,124,4
2000,2005,.0019489669,.0027945614,124,5
2000,2006,.0015613582,.0025634936,124,6
2000,2007,.0016444076,.00238623,124,7
2000,2008,.0020290215,.0022423973,124,8
2000,2009,.0041573714,.0021518208,124,9
2000,2010,.0043110973,.0021257226,124,10
2000,2011,.0048379502,.0020861728,124,11
2000,2012,.0050520529,.0018843121,124,12
2000,2013,.0050520813,.0018762321,124,13
2000,2014,.005402341,.001816206,124,14
2000,2015,.00505311,.0016724679,124,15
2000,2016,.0049345721,.0016119641,124,16
2000,2017,.0045426521,.0015649628,124,17
2000,2018,.0043411879,.0015373391,124,18
2000,2019,.004250831,.0015555078,124,19
2001,2002,.003828987,.0039054831,124,1
2001,2003,.002056451,.0036599219,124,2
2001,2004,.0017430576,.0030539169,124,3
2001,2005,.0002677014,.0030160095,124,4
2001,2006,.00004875657,.0027006578,124,5
2001,2007,.00036447129,.0025091048,124,6
2001,2008,.00095577131,.0023303337,124,7
2001,2009,.0034323093,.0021875382,124,8
2001,2010,.0036722287,.0021609606,124,9
2001,2011,.0043080165,.0021210162,124,10
2001,2012,.0045837401,.0018988966,124,11
2001,2013,.0046060812,.0018845,124,12
2001,2014,.0049999217,.001819641,124,13
2001,2015,.0046561663,.0016670231,124,14
2001,2016,.0045466213,.0016045271,124,15
2001,2017,.0041508223,.0015551378,124,16
2001,2018,.0039492934,.0015276499,124,17
2001,2019,.0038477336,.0015413613,124,18
2002,2003,-.00076225674,.0050896974,124,1
2002,2004,-.00018969095,.0034763892,124,2
2002,2005,-.0018204028,.0033250635,124,3
2002,2006,-.0017574275,.0028692216,124,4
2002,2007,-.0010980431,.0026570631,124,5
2002,2008,-.0002397638,.0024667541,124,6
2002,2009,.0028181993,.002287993,124,7
2002,2010,.0031513963,.0022626952,124,8
2002,2011,.0039025731,.0022263557,124,9
2002,2012,.0042806971,.0019968215,124,10
2002,2013,.0043014311,.0019647414,124,11
2002,2014,.004736227,.0018992203,124,12
2002,2015,.0044011902,.0017405747,124,13
2002,2016,.0043021752,.0016856702,124,14
2002,2017,.0038933735,.0016278264,124,15
2002,2018,.0036811884,.0015985282,124,16
2002,2019,.0035734582,.0016220115,124,17
2003,2004,-.00062068977,.0037116995,124,1
2003,2005,-.0034985598,.0035673385,124,2
2003,2006,-.0031486694,.0029053704,124,3
2003,2007,-.0020122677,.0028076936,124,4
2003,2008,-.0010114702,.0025989173,124,5
2003,2009,.0028121087,.002286989,124,6
2003,2010,.0031411932,.0022397374,124,7
2003,2011,.0039296346,.0022086273,124,8
2003,2012,.0043759877,.0019812596,124,9
2003,2013,.0043784427,.0019532787,124,10
2003,2014,.0048332107,.0018987044,124,11
2003,2015,.0045077461,.0017637759,124,12
2003,2016,.0043886602,.001713941,124,13
2003,2017,.0039447015,.0016567198,124,14
2003,2018,.0037143005,.0016436008,124,15
2003,2019,.0035465795,.0016477362,124,16
2004,2005,-.0078862254,.0038218894,124,1
2004,2006,-.0053803246,.0030395261,124,2
2004,2007,-.0033241836,.0028414517,124,3
2004,2008,-.0018851242,.0026633346,124,4
2004,2009,.0029594481,.0022911851,124,5
2004,2010,.0032583745,.0022310771,124,6
2004,2011,.0041186824,.0022127826,124,7
2004,2012,.0046395403,.0019823771,124,8
2004,2013,.0046311505,.0019596466,124,9
2004,2014,.0050910423,.0018914479,124,10
2004,2015,.0047320523,.001743399,124,11
2004,2016,.0045917481,.0016916473,124,12
2004,2017,.0040857857,.0016305338,124,13
2004,2018,.003811571,.001616915,124,14
2004,2019,.00360564,.0016183313,124,15
2005,2006,-.0033461517,.0038387466,124,1
2005,2007,-.0014772263,.0031480477,124,2
2005,2008,-.00036275695,.0028758436,124,3
2005,2009,.0054640695,.0023837041,124,4
2005,2010,.0052321893,.0022721733,124,5
2005,2011,.0058534853,.0022523736,124,6
2005,2012,.0062776082,.002027526,124,7
2005,2013,.0060900338,.0020112323,124,8
2005,2014,.0064173816,.0019310295,124,9
2005,2015,.0059029292,.0017655854,124,10
2005,2016,.0056405705,.0017091514,124,11
2005,2017,.0050018076,.0016453266,124,12
2005,2018,.0046152617,.0016248794,124,13
2005,2019,.0043072226,.0016150525,124,14
2006,2007,-.00040107948,.0037516842,124,1
2006,2008,.00021750251,.0030073267,124,2
2006,2009,.0078902971,.0024084745,124,3
2006,2010,.0068539041,.0022782017,124,4
2006,2011,.0071120034,.0022484884,124,5
2006,2012,.0073840045,.0020536324,124,6
2006,2013,.0069711101,.0020706574,124,7
2006,2014,.007221499,.0019882713,124,8
2006,2015,.0065804473,.0018106831,124,9
2006,2016,.0062179128,.0017571485,124,10
2006,2017,.0054488312,.0016855105,124,11
2006,2018,.0049762083,.00166265,124,12
2006,2019,.0045837085,.0016408853,124,13
2007,2008,.00033152677,.0041322513,124,1
2007,2009,.011799445,.0028870485,124,2
2007,2010,.0090156514,.0025762666,124,3
2007,2011,.0086638499,.0024236101,124,4
2007,2012,.0086806081,.0022174886,124,5
2007,2013,.0079607209,.0022280209,124,6
2007,2014,.0080861291,.0020963254,124,7
2007,2015,.0072701792,.0018613957,124,8
2007,2016,.0068043973,.0017950684,124,9
2007,2017,.0058799591,.0017069648,124,10
2007,2018,.0053023882,.0016677583,124,11
2007,2019,.00482701,.0016433134,124,12
2008,2009,.023815805,.0069227354,124,1
2008,2010,.013505169,.0042773611,124,2
2008,2011,.01135312,.0033109211,124,3
2008,2012,.010714422,.0029349986,124,4
2008,2013,.0094063114,.0027714635,124,5
2008,2014,.0093057984,.0025169665,124,6
2008,2015,.0082308613,.0022269308,124,7
2008,2016,.0076084235,.0021131712,124,8
2008,2017,.0064741964,.0019736919,124,9
2008,2018,.0057542408,.0018802942,124,10
2008,2019,.0051662093,.0018043756,124,11
2009,2010,.0027129741,.0035177558,124,1
2009,2011,.004931889,.0028917997,124,2
2009,2012,.0061051571,.002486794,124,3
2009,2013,.0055551697,.0025460536,124,4
2009,2014,.0062104221,.0023807958,124,5
2009,2015,.0054594283,.0021093299,124,6
2009,2016,.0051344219,.0020312422,124,7
2009,2017,.0041991039,.0018913152,124,8
2009,2018,.003654808,.0018274056,124,9
2009,2019,.0032419097,.0017626903,124,10
2010,2011,.0063743764,.0032081385,124,1
2010,2012,.0073459842,.0026650818,124,2
2010,2013,.0061028856,.0028781374,124,3
2010,2014,.0067503937,.0026136881,124,4
2010,2015,.0058322344,.002316694,124,5
2010,2016,.0053943372,.0021824704,124,6
2010,2017,.0042537502,.0019813546,124,7
2010,2018,.0036333704,.0019163132,124,8
2010,2019,.0031609086,.00181015,124,9
2011,2012,.0079025254,.0039710081,124,1
2011,2013,.0055305576,.0037627404,124,2
2011,2014,.0064769313,.0030967235,124,3
2011,2015,.005471901,.0026590086,124,4
2011,2016,.004999104,.0024176002,124,5
2011,2017,.0036826436,.0021209975,124,6
2011,2018,.0030517962,.002034741,124,7
2011,2019,.0025618456,.0018729026,124,8
2012,2013,.0030999258,.006109315,124,1
2012,2014,.0055823624,.003899107,124,2
2012,2015,.0044909483,.0031742689,124,3
2012,2016,.0041002128,.0027299067,124,4
2012,2017,.0026347842,.0023089373,124,5
2012,2018,.0020570818,.0021535372,124,6
2012,2019,.0015982171,.001955183,124,7
2013,2014,.0076160911,.0030551679,124,1
2013,2015,.0050143213,.0032663874,124,2
2013,2016,.0042897961,.0028066074,124,3
2013,2017,.0024325878,.0023809029,124,4
2013,2018,.0017254034,.0021520455,124,5
2013,2019,.001272557,.0019906457,124,6
2014,2015,.0021017152,.0048595727,124,1
2014,2016,.0023294482,.0033403377,124,2
2014,2017,.00043627576,.0026400839,124,3
2014,2018,.000028687402,.0022573902,124,4
2014,2019,-.00023435784,.0020393457,124,5
2015,2016,.0020722484,.0031040725,124,1
2015,2017,-.00067133078,.0024760109,124,2
2015,2018,-.00090509432,.0020242156,124,3
2015,2019,-.0010453305,.0019316835,124,4
2016,2017,-.0036874912,.0034681717,124,1
2016,2018,-.002574069,.002287413,124,2
2016,2019,-.0022649365,.0020667489,124,3
2017,2018,-.0015127683,.002863413,124,1
2017,2019,-.0017050414,.0023869076,124,2
2018,2019,-.0020450668,.0037780139,124,1
