state,state_id,year,cigsale,retprice,treatment
Alabama,1,1970,89.80000305175781,39.599998474121094,0
Alabama,1,1971,95.4000015258789,42.70000076293945,0
Alabama,1,1972,101.0999984741211,42.29999923706055,0
Alabama,1,1973,102.9000015258789,42.099998474121094,0
Alabama,1,1974,108.1999969482422,43.099998474121094,0
Alabama,1,1975,111.6999969482422,46.599998474121094,0
Alabama,1,1976,116.1999969482422,50.400001525878906,0
Alabama,1,1977,117.0999984741211,50.099998474121094,0
Alabama,1,1978,123,55.099998474121094,0
Alabama,1,1979,121.4000015258789,56.79999923706055,0
Alabama,1,1980,123.1999969482422,60.599998474121094,0
Alabama,1,1981,119.5999984741211,68.80000305175781,0
Alabama,1,1982,119.0999984741211,73.0999984741211,0
Alabama,1,1983,116.3000030517578,84.4000015258789,0
Alabama,1,1984,113,90.8000030517578,0
Alabama,1,1985,114.5,99,0
Alabama,1,1986,116.3000030517578,103,0
Alabama,1,1987,114,110,0
Alabama,1,1988,112.0999984741211,114.4000015258789,0
Alabama,1,1989,105.5999984741211,122.3000030517578,0
Alabama,1,1990,108.5999984741211,139.10000610351562,0
Alabama,1,1991,107.9000015258789,144.39999389648438,0
Alabama,1,1992,109.0999984741211,172.1999969482422,0
Alabama,1,1993,108.5,176.1999969482422,0
Alabama,1,1994,107.0999984741211,154.60000610351562,0
Alabama,1,1995,102.5999984741211,155.10000610351562,0
Alabama,1,1996,101.4000015258789,158.3000030517578,0
Alabama,1,1997,104.9000015258789,167.39999389648438,0
Alabama,1,1998,106.1999969482422,180.5,0
Alabama,1,1999,100.6999969482422,195.6000061035156,0
Alabama,1,2000,96.1999969482422,270.70001220703125,0
Arkansas,2,1970,100.3000030517578,36.70000076293945,0
Arkansas,2,1971,104.0999984741211,38.79999923706055,0
Arkansas,2,1972,103.9000015258789,44.099998474121094,0
Arkansas,2,1973,108,45.099998474121094,0
Arkansas,2,1974,109.6999969482422,45.5,0
Arkansas,2,1975,114.8000030517578,48.599998474121094,0
Arkansas,2,1976,119.0999984741211,50.900001525878906,0
Arkansas,2,1977,122.5999984741211,52.599998474121094,0
Arkansas,2,1978,127.3000030517578,56.5,0
Arkansas,2,1979,126.5,58.400001525878906,0
Arkansas,2,1980,131.8000030517578,61.5,0
Arkansas,2,1981,128.6999969482422,64.69999694824219,0
Arkansas,2,1982,127.4000015258789,72.0999984741211,0
Arkansas,2,1983,128,82,0
Arkansas,2,1984,123.0999984741211,93.5999984741211,0
Arkansas,2,1985,125.8000030517578,98.5,0
Arkansas,2,1986,126,103.5999984741211,0
Arkansas,2,1987,122.3000030517578,113,0
Arkansas,2,1988,121.5,119.9000015258789,0
Arkansas,2,1989,118.3000030517578,127.6999969482422,0
Arkansas,2,1990,113.0999984741211,141.1999969482422,0
Arkansas,2,1991,116.8000030517578,146.5,0
Arkansas,2,1992,126,177.3000030517578,0
Arkansas,2,1993,113.8000030517578,179.89999389648438,0
Arkansas,2,1994,108.8000030517578,168.10000610351562,0
Arkansas,2,1995,113,167.3000030517578,0
Arkansas,2,1996,110.6999969482422,167.10000610351562,0
Arkansas,2,1997,108.6999969482422,181.3000030517578,0
Arkansas,2,1998,109.5,187.3000030517578,0
Arkansas,2,1999,104.8000030517578,206.8999938964844,0
Arkansas,2,2000,99.4000015258789,279.29998779296875,0
California,3,1970,123,38.79999923706055,0
California,3,1971,121,39.70000076293945,0
California,3,1972,123.5,39.900001525878906,0
California,3,1973,124.4000015258789,39.900001525878906,0
California,3,1974,126.6999969482422,41.900001525878906,0
California,3,1975,127.0999984741211,45,0
California,3,1976,128,48.29999923706055,0
California,3,1977,126.4000015258789,49,0
California,3,1978,126.0999984741211,58.70000076293945,0
California,3,1979,121.9000015258789,60.099998474121094,0
California,3,1980,120.1999969482422,62.099998474121094,0
California,3,1981,118.5999984741211,66.4000015258789,0
California,3,1982,115.4000015258789,72.80000305175781,0
California,3,1983,110.8000030517578,84.9000015258789,0
California,3,1984,104.8000030517578,94.9000015258789,0
California,3,1985,102.8000030517578,98,0
California,3,1986,99.6999969482422,104.4000015258789,0
California,3,1987,97.5,103.9000015258789,0
California,3,1988,90.0999984741211,117.4000015258789,1
California,3,1989,82.4000015258789,126.4000015258789,1
California,3,1990,77.80000305175781,163.8000030517578,1
California,3,1991,68.69999694824219,186.8000030517578,1
California,3,1992,67.5,201.8999938964844,1
California,3,1993,63.400001525878906,205.1000061035156,1
California,3,1994,58.599998474121094,190.3000030517578,1
California,3,1995,56.400001525878906,195.1000061035156,1
California,3,1996,54.5,197.8999938964844,1
California,3,1997,53.79999923706055,200.3000030517578,1
California,3,1998,52.29999923706055,207.8000030517578,1
California,3,1999,47.20000076293945,224.8999938964844,1
California,3,2000,41.599998474121094,351.20001220703125,1
Colorado,4,1970,124.8000030517578,29.399999618530273,0
Colorado,4,1971,125.5,31.100000381469727,0
Colorado,4,1972,134.3000030517578,31.200000762939453,0
Colorado,4,1973,137.89999389648438,32.70000076293945,0
Colorado,4,1974,132.8000030517578,38.099998474121094,0
Colorado,4,1975,131,41.70000076293945,0
Colorado,4,1976,134.1999969482422,44.79999923706055,0
Colorado,4,1977,132,44.70000076293945,0
Colorado,4,1978,129.1999969482422,57.400001525878906,0
Colorado,4,1979,131.5,52.79999923706055,0
Colorado,4,1980,131,54.599998474121094,0
Colorado,4,1981,133.8000030517578,58.099998474121094,0
Colorado,4,1982,130.5,61.400001525878906,0
Colorado,4,1983,125.3000030517578,73.30000305175781,0
Colorado,4,1984,119.6999969482422,83.4000015258789,0
Colorado,4,1985,112.4000015258789,93.0999984741211,0
Colorado,4,1986,109.9000015258789,95.0999984741211,0
Colorado,4,1987,102.4000015258789,108.5999984741211,0
Colorado,4,1988,94.5999984741211,116,0
Colorado,4,1989,88.80000305175781,130.8000030517578,0
Colorado,4,1990,87.4000015258789,149.3000030517578,0
Colorado,4,1991,90.1999969482422,152.60000610351562,0
Colorado,4,1992,88.30000305175781,157.5,0
Colorado,4,1993,88.5999984741211,168.1999969482422,0
Colorado,4,1994,89.0999984741211,153.1999969482422,0
Colorado,4,1995,85.4000015258789,164.1999969482422,0
Colorado,4,1996,83.0999984741211,169.60000610351562,0
Colorado,4,1997,81.30000305175781,174.39999389648438,0
Colorado,4,1998,81.19999694824219,185.8000030517578,0
Colorado,4,1999,79.5999984741211,204.1999969482422,0
Colorado,4,2000,73,281.29998779296875,0
Connecticut,5,1970,120,42.20000076293945,0
Connecticut,5,1971,117.5999984741211,45.5,0
Connecticut,5,1972,110.8000030517578,51.29999923706055,0
Connecticut,5,1973,109.3000030517578,50.599998474121094,0
Connecticut,5,1974,112.4000015258789,52.5,0
Connecticut,5,1975,110.1999969482422,54.5,0
Connecticut,5,1976,113.4000015258789,57.599998474121094,0
Connecticut,5,1977,117.3000030517578,58.400001525878906,0
Connecticut,5,1978,117.5,61.70000076293945,0
Connecticut,5,1979,117.4000015258789,64.4000015258789,0
Connecticut,5,1980,118,67,0
Connecticut,5,1981,116.4000015258789,80.0999984741211,0
Connecticut,5,1982,114.6999969482422,85.5999984741211,0
Connecticut,5,1983,114.0999984741211,95.5999984741211,0
Connecticut,5,1984,112.5,113.5,0
Connecticut,5,1985,111,118.5999984741211,0
Connecticut,5,1986,108.5,118.5,0
Connecticut,5,1987,109,122.6999969482422,0
Connecticut,5,1988,104.8000030517578,129.6999969482422,0
Connecticut,5,1989,100.5999984741211,142,0
Connecticut,5,1990,91.5,171.1999969482422,0
Connecticut,5,1991,86.69999694824219,175.60000610351562,0
Connecticut,5,1992,83.5,193.5,0
Connecticut,5,1993,79.0999984741211,202.3000030517578,0
Connecticut,5,1994,76.5999984741211,205.6000061035156,0
Connecticut,5,1995,79.30000305175781,205.3999938964844,0
Connecticut,5,1996,76,206.3000030517578,0
Connecticut,5,1997,75.9000015258789,208.5,0
Connecticut,5,1998,75.5,217.8999938964844,0
Connecticut,5,1999,73.4000015258789,236.5,0
Connecticut,5,2000,71.4000015258789,312.29998779296875,0
Delaware,6,1970,155,39,0
Delaware,6,1971,161.10000610351562,41.29999923706055,0
Delaware,6,1972,156.3000030517578,44.70000076293945,0
Delaware,6,1973,154.6999969482422,44,0
Delaware,6,1974,151.3000030517578,44.20000076293945,0
Delaware,6,1975,147.60000610351562,45.900001525878906,0
Delaware,6,1976,153,50.099998474121094,0
Delaware,6,1977,153.3000030517578,51.70000076293945,0
Delaware,6,1978,155.5,58.70000076293945,0
Delaware,6,1979,150.1999969482422,60,0
Delaware,6,1980,150.5,62.70000076293945,0
Delaware,6,1981,152.60000610351562,66,0
Delaware,6,1982,154.10000610351562,74.0999984741211,0
Delaware,6,1983,149.60000610351562,82,0
Delaware,6,1984,144,91.0999984741211,0
Delaware,6,1985,144.5,98.6999969482422,0
Delaware,6,1986,142.39999389648438,105.1999969482422,0
Delaware,6,1987,141,111.4000015258789,0
Delaware,6,1988,137.10000610351562,119.3000030517578,0
Delaware,6,1989,131.6999969482422,124,0
Delaware,6,1990,127.1999969482422,140,0
Delaware,6,1991,118.8000030517578,143.1999969482422,0
Delaware,6,1992,120,174.6999969482422,0
Delaware,6,1993,123.8000030517578,187.8999938964844,0
Delaware,6,1994,126.0999984741211,152.5,0
Delaware,6,1995,127.1999969482422,160.6999969482422,0
Delaware,6,1996,128.3000030517578,169.10000610351562,0
Delaware,6,1997,124.0999984741211,171.89999389648438,0
Delaware,6,1998,132.8000030517578,179.1999969482422,0
Delaware,6,1999,139.5,198.3000030517578,0
Delaware,6,2000,140.6999969482422,276.20001220703125,0
Georgia,7,1970,109.9000015258789,34.29999923706055,0
Georgia,7,1971,115.6999969482422,35.79999923706055,0
Georgia,7,1972,117,40.900001525878906,0
Georgia,7,1973,119.8000030517578,42.400001525878906,0
Georgia,7,1974,123.6999969482422,42.400001525878906,0
Georgia,7,1975,122.9000015258789,44.5,0
Georgia,7,1976,125.9000015258789,47.900001525878906,0
Georgia,7,1977,127.9000015258789,49.5,0
Georgia,7,1978,130.60000610351562,54.70000076293945,0
Georgia,7,1979,131,56.599998474121094,0
Georgia,7,1980,134,59.29999923706055,0
Georgia,7,1981,131.6999969482422,62.599998474121094,0
Georgia,7,1982,131.1999969482422,67.80000305175781,0
Georgia,7,1983,128.60000610351562,78.9000015258789,0
Georgia,7,1984,126.3000030517578,86.80000305175781,0
Georgia,7,1985,128.8000030517578,90.6999969482422,0
Georgia,7,1986,129,100.0999984741211,0
Georgia,7,1987,129.3000030517578,103.9000015258789,0
Georgia,7,1988,124.0999984741211,109.1999969482422,0
Georgia,7,1989,117.0999984741211,122.4000015258789,0
Georgia,7,1990,113.8000030517578,132.3000030517578,0
Georgia,7,1991,109.5999984741211,138.1999969482422,0
Georgia,7,1992,109.1999969482422,159.5,0
Georgia,7,1993,109.1999969482422,167.1999969482422,0
Georgia,7,1994,107.8000030517578,147.8000030517578,0
Georgia,7,1995,100.3000030517578,153.8000030517578,0
Georgia,7,1996,102.6999969482422,156.10000610351562,0
Georgia,7,1997,100.5999984741211,158.89999389648438,0
Georgia,7,1998,100.5,168.6999969482422,0
Georgia,7,1999,97.0999984741211,188,0
Georgia,7,2000,88.4000015258789,257.3999938964844,0
Idaho,8,1970,102.4000015258789,33.79999923706055,0
Idaho,8,1971,108.5,33.599998474121094,0
Idaho,8,1972,126.0999984741211,33.70000076293945,0
Idaho,8,1973,121.8000030517578,36.29999923706055,0
Idaho,8,1974,125.5999984741211,38,0
Idaho,8,1975,123.3000030517578,40.29999923706055,0
Idaho,8,1976,125.0999984741211,42.5,0
Idaho,8,1977,125,45.599998474121094,0
Idaho,8,1978,122.8000030517578,51.5,0
Idaho,8,1979,117.5,55.400001525878906,0
Idaho,8,1980,115.1999969482422,56.400001525878906,0
Idaho,8,1981,114.0999984741211,59.20000076293945,0
Idaho,8,1982,111.5,67.5999984741211,0
Idaho,8,1983,111.3000030517578,76.5,0
Idaho,8,1984,103.5999984741211,88.5,0
Idaho,8,1985,100.6999969482422,97.5999984741211,0
Idaho,8,1986,96.6999969482422,99.9000015258789,0
Idaho,8,1987,95,107.0999984741211,0
Idaho,8,1988,84.5,121.9000015258789,0
Idaho,8,1989,78.4000015258789,133.60000610351562,0
Idaho,8,1990,90.0999984741211,141.3000030517578,0
Idaho,8,1991,85.4000015258789,144.39999389648438,0
Idaho,8,1992,85.0999984741211,167.1999969482422,0
Idaho,8,1993,86.69999694824219,171.1999969482422,0
Idaho,8,1994,93,150.5,0
Idaho,8,1995,78.19999694824219,163.5,0
Idaho,8,1996,73.5999984741211,176.5,0
Idaho,8,1997,75,184.3999938964844,0
Idaho,8,1998,78.9000015258789,187.1000061035156,0
Idaho,8,1999,75.0999984741211,210.6999969482422,0
Idaho,8,2000,66.9000015258789,275.8999938964844,0
Illinois,9,1970,124.8000030517578,41.400001525878906,0
Illinois,9,1971,125.5999984741211,41.400001525878906,0
Illinois,9,1972,126.5999984741211,41.900001525878906,0
Illinois,9,1973,124.4000015258789,41,0
Illinois,9,1974,131.89999389648438,41.900001525878906,0
Illinois,9,1975,131.8000030517578,45.20000076293945,0
Illinois,9,1976,134.39999389648438,48.400001525878906,0
Illinois,9,1977,134,49.400001525878906,0
Illinois,9,1978,136.6999969482422,54.599998474121094,0
Illinois,9,1979,135.3000030517578,56.79999923706055,0
Illinois,9,1980,135.1999969482422,60,0
Illinois,9,1981,133,63.099998474121094,0
Illinois,9,1982,130.6999969482422,69.5999984741211,0
Illinois,9,1983,127.9000015258789,80.80000305175781,0
Illinois,9,1984,124,89.5999984741211,0
Illinois,9,1985,121.5999984741211,96.6999969482422,0
Illinois,9,1986,118.1999969482422,108.4000015258789,0
Illinois,9,1987,109.5,116.1999969482422,0
Illinois,9,1988,107.5999984741211,124.0999984741211,0
Illinois,9,1989,104.5999984741211,132.6999969482422,0
Illinois,9,1990,94.0999984741211,147.3000030517578,0
Illinois,9,1991,96.0999984741211,154,0
Illinois,9,1992,94.8000030517578,179.8000030517578,0
Illinois,9,1993,94.5999984741211,187.5,0
Illinois,9,1994,85.69999694824219,182.1000061035156,0
Illinois,9,1995,84.30000305175781,185.1999969482422,0
Illinois,9,1996,81.80000305175781,188.6999969482422,0
Illinois,9,1997,79.5999984741211,198.6999969482422,0
Illinois,9,1998,80.30000305175781,202.3000030517578,0
Illinois,9,1999,72.19999694824219,240.5,0
Illinois,9,2000,70,312.70001220703125,0
Indiana,10,1970,134.60000610351562,30.600000381469727,0
Indiana,10,1971,139.3000030517578,32.20000076293945,0
Indiana,10,1972,149.1999969482422,32.5,0
Indiana,10,1973,156,32.900001525878906,0
Indiana,10,1974,159.60000610351562,34.5,0
Indiana,10,1975,162.39999389648438,36.70000076293945,0
Indiana,10,1976,166.60000610351562,38.70000076293945,0
Indiana,10,1977,173,40.599998474121094,0
Indiana,10,1978,150.89999389648438,50,0
Indiana,10,1979,148.89999389648438,52.5,0
Indiana,10,1980,146.89999389648438,53.70000076293945,0
Indiana,10,1981,148.5,58.29999923706055,0
Indiana,10,1982,147.6999969482422,65.0999984741211,0
Indiana,10,1983,143,75.69999694824219,0
Indiana,10,1984,137.8000030517578,85.19999694824219,0
Indiana,10,1985,135.3000030517578,88.80000305175781,0
Indiana,10,1986,137.60000610351562,93.5999984741211,0
Indiana,10,1987,134,100.0999984741211,0
Indiana,10,1988,134,109.3000030517578,0
Indiana,10,1989,132.5,119,0
Indiana,10,1990,128.3000030517578,130.8000030517578,0
Indiana,10,1991,127.1999969482422,135.8000030517578,0
Indiana,10,1992,128.1999969482422,153.5,0
Indiana,10,1993,126.8000030517578,157.5,0
Indiana,10,1994,128.1999969482422,146.60000610351562,0
Indiana,10,1995,135.39999389648438,146.3000030517578,0
Indiana,10,1996,135.10000610351562,147.8000030517578,0
Indiana,10,1997,135.3000030517578,156.3000030517578,0
Indiana,10,1998,135.89999389648438,166.8000030517578,0
Indiana,10,1999,133.3000030517578,190,0
Indiana,10,2000,125.5,260.20001220703125,0
Iowa,11,1970,108.5,37.70000076293945,0
Iowa,11,1971,108.4000015258789,38.5,0
Iowa,11,1972,109.4000015258789,41.900001525878906,0
Iowa,11,1973,110.5999984741211,41.900001525878906,0
Iowa,11,1974,116.0999984741211,43.20000076293945,0
Iowa,11,1975,120.5,45.400001525878906,0
Iowa,11,1976,124.4000015258789,47.79999923706055,0
Iowa,11,1977,125.5,49.400001525878906,0
Iowa,11,1978,127.0999984741211,54.599998474121094,0
Iowa,11,1979,124.1999969482422,56.400001525878906,0
Iowa,11,1980,124.5999984741211,58.79999923706055,0
Iowa,11,1981,132.89999389648438,61.400001525878906,0
Iowa,11,1982,116.1999969482422,72.80000305175781,0
Iowa,11,1983,115.5999984741211,84,0
Iowa,11,1984,111.1999969482422,93.3000030517578,0
Iowa,11,1985,109.4000015258789,99.5,0
Iowa,11,1986,104.0999984741211,104.8000030517578,0
Iowa,11,1987,101.0999984741211,117.0999984741211,0
Iowa,11,1988,100.1999969482422,124.1999969482422,0
Iowa,11,1989,94.4000015258789,145.10000610351562,0
Iowa,11,1990,95.4000015258789,149.60000610351562,0
Iowa,11,1991,97.0999984741211,155.39999389648438,0
Iowa,11,1992,95.1999969482422,178.5,0
Iowa,11,1993,92.5,189.6999969482422,0
Iowa,11,1994,93.4000015258789,171.39999389648438,0
Iowa,11,1995,93,179,0
Iowa,11,1996,94,183.8000030517578,0
Iowa,11,1997,93.9000015258789,189.3000030517578,0
Iowa,11,1998,94,193.8000030517578,0
Iowa,11,1999,91.6999969482422,213,0
Iowa,11,2000,88.9000015258789,286.29998779296875,0
Kansas,12,1970,114,34.20000076293945,0
Kansas,12,1971,102.8000030517578,38.900001525878906,0
Kansas,12,1972,111,38.79999923706055,0
Kansas,12,1973,115.1999969482422,39.29999923706055,0
Kansas,12,1974,118.5999984741211,40.20000076293945,0
Kansas,12,1975,123.4000015258789,42.70000076293945,0
Kansas,12,1976,127.6999969482422,46.599998474121094,0
Kansas,12,1977,127.9000015258789,48.099998474121094,0
Kansas,12,1978,127.0999984741211,52.599998474121094,0
Kansas,12,1979,126.4000015258789,54.79999923706055,0
Kansas,12,1980,127.0999984741211,58.29999923706055,0
Kansas,12,1981,132,59.79999923706055,0
Kansas,12,1982,130.89999389648438,65.0999984741211,0
Kansas,12,1983,127.5999984741211,77,0
Kansas,12,1984,121.6999969482422,91,0
Kansas,12,1985,115.6999969482422,97.5,0
Kansas,12,1986,109.4000015258789,103,0
Kansas,12,1987,105.1999969482422,114.5,0
Kansas,12,1988,103.1999969482422,123.9000015258789,0
Kansas,12,1989,96.5,136.5,0
Kansas,12,1990,94.3000030517578,145.8000030517578,0
Kansas,12,1991,91.8000030517578,152.6999969482422,0
Kansas,12,1992,90,174.1999969482422,0
Kansas,12,1993,89.9000015258789,174.1999969482422,0
Kansas,12,1994,89.0999984741211,159.60000610351562,0
Kansas,12,1995,90.0999984741211,165.6999969482422,0
Kansas,12,1996,88.69999694824219,167.6999969482422,0
Kansas,12,1997,89.19999694824219,171.3000030517578,0
Kansas,12,1998,87.5999984741211,184.3000030517578,0
Kansas,12,1999,83.30000305175781,207,0
Kansas,12,2000,79.80000305175781,271.20001220703125,0
Kentucky,13,1970,155.8000030517578,28.299999237060547,0
Kentucky,13,1971,163.5,30.100000381469727,0
Kentucky,13,1972,179.39999389648438,30.600000381469727,0
Kentucky,13,1973,201.8999938964844,30.600000381469727,0
Kentucky,13,1974,212.3999938964844,31.5,0
Kentucky,13,1975,223,33.29999923706055,0
Kentucky,13,1976,230.8999938964844,36,0
Kentucky,13,1977,229.3999938964844,36.900001525878906,0
Kentucky,13,1978,224.6999969482422,41.400001525878906,0
Kentucky,13,1979,214.8999938964844,43.400001525878906,0
Kentucky,13,1980,215.3000030517578,46.29999923706055,0
Kentucky,13,1981,209.6999969482422,49.400001525878906,0
Kentucky,13,1982,210.6000061035156,56.29999923706055,0
Kentucky,13,1983,201.1000061035156,66.4000015258789,0
Kentucky,13,1984,183.1999969482422,75.4000015258789,0
Kentucky,13,1985,182.3999938964844,79.30000305175781,0
Kentucky,13,1986,179.8000030517578,85.4000015258789,0
Kentucky,13,1987,171.1999969482422,90.5,0
Kentucky,13,1988,173.1999969482422,94.4000015258789,0
Kentucky,13,1989,171.60000610351562,103.8000030517578,0
Kentucky,13,1990,182.5,115.5999984741211,0
Kentucky,13,1991,170.39999389648438,120.5,0
Kentucky,13,1992,167.60000610351562,135.8000030517578,0
Kentucky,13,1993,167.60000610351562,145.39999389648438,0
Kentucky,13,1994,170.10000610351562,132.8000030517578,0
Kentucky,13,1995,175.3000030517578,134.8000030517578,0
Kentucky,13,1996,179,139.8000030517578,0
Kentucky,13,1997,186.8000030517578,145.60000610351562,0
Kentucky,13,1998,171.3000030517578,155.6999969482422,0
Kentucky,13,1999,165.3000030517578,179.1999969482422,0
Kentucky,13,2000,156.1999969482422,243.3999938964844,0
Louisiana,14,1970,115.9000015258789,34.29999923706055,0
Louisiana,14,1971,119.8000030517578,39.29999923706055,0
Louisiana,14,1972,125.3000030517578,40,0
Louisiana,14,1973,126.6999969482422,39.900001525878906,0
Louisiana,14,1974,129.89999389648438,41.599998474121094,0
Louisiana,14,1975,133.60000610351562,44.29999923706055,0
Louisiana,14,1976,139.60000610351562,48.099998474121094,0
Louisiana,14,1977,140,48.900001525878906,0
Louisiana,14,1978,142.6999969482422,54.20000076293945,0
Louisiana,14,1979,140.10000610351562,57.099998474121094,0
Louisiana,14,1980,143.8000030517578,60,0
Louisiana,14,1981,144,62.599998474121094,0
Louisiana,14,1982,143.89999389648438,70.30000305175781,0
Louisiana,14,1983,133.6999969482422,80.69999694824219,0
Louisiana,14,1984,128.89999389648438,90.6999969482422,0
Louisiana,14,1985,125,103,0
Louisiana,14,1986,121.1999969482422,105.0999984741211,0
Louisiana,14,1987,116.5,117.8000030517578,0
Louisiana,14,1988,110.9000015258789,120.4000015258789,0
Louisiana,14,1989,103.5999984741211,130.6999969482422,0
Louisiana,14,1990,101.5,143.39999389648438,0
Louisiana,14,1991,107.1999969482422,149.60000610351562,0
Louisiana,14,1992,108.5,178.10000610351562,0
Louisiana,14,1993,106.1999969482422,180.5,0
Louisiana,14,1994,105.3000030517578,157.39999389648438,0
Louisiana,14,1995,105.6999969482422,155.8000030517578,0
Louisiana,14,1996,106.8000030517578,165.3000030517578,0
Louisiana,14,1997,105.3000030517578,166.89999389648438,0
Louisiana,14,1998,103.1999969482422,185.8999938964844,0
Louisiana,14,1999,101,208,0
Louisiana,14,2000,104.3000030517578,281.20001220703125,0
Maine,15,1970,128.5,38,0
Maine,15,1971,133.1999969482422,38.79999923706055,0
Maine,15,1972,136.5,41.5,0
Maine,15,1973,138,41,0
Maine,15,1974,142.10000610351562,41.79999923706055,0
Maine,15,1975,140.6999969482422,46.70000076293945,0
Maine,15,1976,144.89999389648438,49.900001525878906,0
Maine,15,1977,145.60000610351562,50.900001525878906,0
Maine,15,1978,143.89999389648438,55,0
Maine,15,1979,138.5,54.5,0
Maine,15,1980,141.1999969482422,59,0
Maine,15,1981,138.89999389648438,62.900001525878906,0
Maine,15,1982,139.5,69.69999694824219,0
Maine,15,1983,135.39999389648438,80.80000305175781,0
Maine,15,1984,135.5,93.6999969482422,0
Maine,15,1985,127.9000015258789,98.0999984741211,0
Maine,15,1986,119,112.6999969482422,0
Maine,15,1987,125,121.1999969482422,0
Maine,15,1988,125,129,0
Maine,15,1989,122.4000015258789,144.39999389648438,0
Maine,15,1990,117.5,160.10000610351562,0
Maine,15,1991,116.0999984741211,165.8000030517578,0
Maine,15,1992,114.5,187.6999969482422,0
Maine,15,1993,108.5,192.6000061035156,0
Maine,15,1994,101.5999984741211,178.3000030517578,0
Maine,15,1995,102.3000030517578,184.8999938964844,0
Maine,15,1996,100,186.8999938964844,0
Maine,15,1997,101.0999984741211,190.1999969482422,0
Maine,15,1998,94.5,219.6000061035156,0
Maine,15,1999,85.5,267.79998779296875,0
Maine,15,2000,82.9000015258789,330.5,0
Minnesota,16,1970,104.3000030517578,39.099998474121094,0
Minnesota,16,1971,116.4000015258789,40.099998474121094,0
Minnesota,16,1972,96.8000030517578,45.20000076293945,0
Minnesota,16,1973,106.8000030517578,45.599998474121094,0
Minnesota,16,1974,110.5999984741211,47,0
Minnesota,16,1975,111.5,49.400001525878906,0
Minnesota,16,1976,116.6999969482422,52.099998474121094,0
Minnesota,16,1977,117.1999969482422,53.099998474121094,0
Minnesota,16,1978,118.9000015258789,57.900001525878906,0
Minnesota,16,1979,118.3000030517578,60.900001525878906,0
Minnesota,16,1980,117.6999969482422,63,0
Minnesota,16,1981,120.8000030517578,65.80000305175781,0
Minnesota,16,1982,119.4000015258789,71.69999694824219,0
Minnesota,16,1983,113.1999969482422,87.30000305175781,0
Minnesota,16,1984,110.8000030517578,99.1999969482422,0
Minnesota,16,1985,113,101.5,0
Minnesota,16,1986,104.3000030517578,116.3000030517578,0
Minnesota,16,1987,108.8000030517578,120.0999984741211,0
Minnesota,16,1988,94.0999984741211,141.6999969482422,0
Minnesota,16,1989,92.3000030517578,152.5,0
Minnesota,16,1990,90.6999969482422,162.3000030517578,0
Minnesota,16,1991,86.19999694824219,173.89999389648438,0
Minnesota,16,1992,83.80000305175781,197.6999969482422,0
Minnesota,16,1993,81.5999984741211,215.6000061035156,0
Minnesota,16,1994,83.4000015258789,196.1000061035156,0
Minnesota,16,1995,84.0999984741211,202.1999969482422,0
Minnesota,16,1996,81.69999694824219,208.6000061035156,0
Minnesota,16,1997,84.0999984741211,216.8000030517578,0
Minnesota,16,1998,83.19999694824219,220.1999969482422,0
Minnesota,16,1999,80.69999694824219,227.3999938964844,0
Minnesota,16,2000,76,303.6000061035156,0
Mississippi,17,1970,93.4000015258789,36.20000076293945,0
Mississippi,17,1971,105.4000015258789,37.5,0
Mississippi,17,1972,112.0999984741211,37.400001525878906,0
Mississippi,17,1973,115,37.29999923706055,0
Mississippi,17,1974,117.0999984741211,41.400001525878906,0
Mississippi,17,1975,116.8000030517578,43,0
Mississippi,17,1976,120.9000015258789,46.400001525878906,0
Mississippi,17,1977,122.0999984741211,48.79999923706055,0
Mississippi,17,1978,124.9000015258789,53.599998474121094,0
Mississippi,17,1979,123.9000015258789,56.5,0
Mississippi,17,1980,127,59.70000076293945,0
Mississippi,17,1981,125.3000030517578,63,0
Mississippi,17,1982,125.8000030517578,69.19999694824219,0
Mississippi,17,1983,122.3000030517578,78.5999984741211,0
Mississippi,17,1984,116.4000015258789,89,0
Mississippi,17,1985,115.3000030517578,96.4000015258789,0
Mississippi,17,1986,113.1999969482422,106,0
Mississippi,17,1987,110,115.8000030517578,0
Mississippi,17,1988,109,122.5999984741211,0
Mississippi,17,1989,108.3000030517578,125.8000030517578,0
Mississippi,17,1990,101.8000030517578,139.89999389648438,0
Mississippi,17,1991,105.5999984741211,142.6999969482422,0
Mississippi,17,1992,103.9000015258789,160.8000030517578,0
Mississippi,17,1993,105.4000015258789,177.8000030517578,0
Mississippi,17,1994,106,156.89999389648438,0
Mississippi,17,1995,107.5,153.89999389648438,0
Mississippi,17,1996,106.9000015258789,161.1999969482422,0
Mississippi,17,1997,106.3000030517578,168.60000610351562,0
Mississippi,17,1998,107,175.8000030517578,0
Mississippi,17,1999,103.9000015258789,199.5,0
Mississippi,17,2000,97.1999969482422,272,0
Missouri,18,1970,121.3000030517578,36,0
Missouri,18,1971,127.5999984741211,36.79999923706055,0
Missouri,18,1972,130,37.70000076293945,0
Missouri,18,1973,132.10000610351562,37.70000076293945,0
Missouri,18,1974,135.39999389648438,38,0
Missouri,18,1975,135.60000610351562,43.5,0
Missouri,18,1976,139.5,44.70000076293945,0
Missouri,18,1977,140.8000030517578,45.900001525878906,0
Missouri,18,1978,141.8000030517578,49.900001525878906,0
Missouri,18,1979,140.1999969482422,52.20000076293945,0
Missouri,18,1980,142.10000610351562,57.29999923706055,0
Missouri,18,1981,140.5,59.900001525878906,0
Missouri,18,1982,139.6999969482422,64.69999694824219,0
Missouri,18,1983,134.10000610351562,74.80000305175781,0
Missouri,18,1984,130,84.80000305175781,0
Missouri,18,1985,129.1999969482422,93.6999969482422,0
Missouri,18,1986,128.8000030517578,101.9000015258789,0
Missouri,18,1987,128.6999969482422,108.5,0
Missouri,18,1988,127.4000015258789,114.5999984741211,0
Missouri,18,1989,122.8000030517578,118.9000015258789,0
Missouri,18,1990,119.0999984741211,129.10000610351562,0
Missouri,18,1991,119.9000015258789,132.5,0
Missouri,18,1992,122.3000030517578,153.10000610351562,0
Missouri,18,1993,121.5999984741211,157.60000610351562,0
Missouri,18,1994,119.4000015258789,146.8000030517578,0
Missouri,18,1995,124,150.3000030517578,0
Missouri,18,1996,124.0999984741211,159.8000030517578,0
Missouri,18,1997,120.5999984741211,163.39999389648438,0
Missouri,18,1998,120.0999984741211,173.8000030517578,0
Missouri,18,1999,118,197,0
Missouri,18,2000,113.8000030517578,258.79998779296875,0
Montana,19,1970,111.1999969482422,34,0
Montana,19,1971,115.5999984741211,34.70000076293945,0
Montana,19,1972,122.1999969482422,40.099998474121094,0
Montana,19,1973,119.9000015258789,40.900001525878906,0
Montana,19,1974,121.9000015258789,41.79999923706055,0
Montana,19,1975,123.6999969482422,43.70000076293945,0
Montana,19,1976,124.9000015258789,45.29999923706055,0
Montana,19,1977,127,47.599998474121094,0
Montana,19,1978,127.1999969482422,51.900001525878906,0
Montana,19,1979,120.3000030517578,53.70000076293945,0
Montana,19,1980,122,56.70000076293945,0
Montana,19,1981,121.0999984741211,60.400001525878906,0
Montana,19,1982,122.4000015258789,65.69999694824219,0
Montana,19,1983,113.6999969482422,77.19999694824219,0
Montana,19,1984,110.0999984741211,91.3000030517578,0
Montana,19,1985,103.5999984741211,95.5,0
Montana,19,1986,97.8000030517578,102,0
Montana,19,1987,91.6999969482422,106.1999969482422,0
Montana,19,1988,87.0999984741211,115.3000030517578,0
Montana,19,1989,86.19999694824219,123,0
Montana,19,1990,84.69999694824219,140.39999389648438,0
Montana,19,1991,82.9000015258789,143.60000610351562,0
Montana,19,1992,86.5999984741211,163.5,0
Montana,19,1993,86,179.39999389648438,0
Montana,19,1994,88.19999694824219,151.3000030517578,0
Montana,19,1995,90.5,155.39999389648438,0
Montana,19,1996,87.30000305175781,156.8000030517578,0
Montana,19,1997,88.9000015258789,164.89999389648438,0
Montana,19,1998,89.0999984741211,175.39999389648438,0
Montana,19,1999,82.5999984741211,196.1999969482422,0
Montana,19,2000,75.5,260.70001220703125,0
Nebraska,20,1970,108.0999984741211,33.900001525878906,0
Nebraska,20,1971,108.5999984741211,34.70000076293945,0
Nebraska,20,1972,104.9000015258789,41.099998474121094,0
Nebraska,20,1973,106.5999984741211,41.20000076293945,0
Nebraska,20,1974,110.5,42,0
Nebraska,20,1975,114.0999984741211,44.599998474121094,0
Nebraska,20,1976,118.0999984741211,46.79999923706055,0
Nebraska,20,1977,117.6999969482422,48.099998474121094,0
Nebraska,20,1978,117.4000015258789,53.599998474121094,0
Nebraska,20,1979,116.0999984741211,55.400001525878906,0
Nebraska,20,1980,116.3000030517578,59.5,0
Nebraska,20,1981,117,60.900001525878906,0
Nebraska,20,1982,117.0999984741211,69.69999694824219,0
Nebraska,20,1983,110.8000030517578,83.69999694824219,0
Nebraska,20,1984,107.6999969482422,94.8000030517578,0
Nebraska,20,1985,105.0999984741211,95.8000030517578,0
Nebraska,20,1986,103.0999984741211,104,0
Nebraska,20,1987,101.3000030517578,113.6999969482422,0
Nebraska,20,1988,92.9000015258789,123.3000030517578,0
Nebraska,20,1989,93.8000030517578,139.3000030517578,0
Nebraska,20,1990,89.9000015258789,143.39999389648438,0
Nebraska,20,1991,92.4000015258789,152.1999969482422,0
Nebraska,20,1992,90.5999984741211,169.5,0
Nebraska,20,1993,91.0999984741211,177.1999969482422,0
Nebraska,20,1994,85.9000015258789,169.60000610351562,0
Nebraska,20,1995,88.5,170.6999969482422,0
Nebraska,20,1996,86.19999694824219,175.5,0
Nebraska,20,1997,85.5,184.8000030517578,0
Nebraska,20,1998,83.0999984741211,194.6000061035156,0
Nebraska,20,1999,86.5999984741211,214.6000061035156,0
Nebraska,20,2000,77.5999984741211,288.29998779296875,0
Nevada,21,1970,189.5,38.900001525878906,0
Nevada,21,1971,190.5,44,0
Nevada,21,1972,198.6000061035156,40.599998474121094,0
Nevada,21,1973,201.5,40.29999923706055,0
Nevada,21,1974,204.6999969482422,41.900001525878906,0
Nevada,21,1975,205.1999969482422,44.5,0
Nevada,21,1976,201.3999938964844,44.900001525878906,0
Nevada,21,1977,190.8000030517578,49.29999923706055,0
Nevada,21,1978,187,54.29999923706055,0
Nevada,21,1979,183.3000030517578,57.099998474121094,0
Nevada,21,1980,177.6999969482422,63.099998474121094,0
Nevada,21,1981,171.89999389648438,63.29999923706055,0
Nevada,21,1982,165.10000610351562,71.5999984741211,0
Nevada,21,1983,159.1999969482422,81.9000015258789,0
Nevada,21,1984,136.60000610351562,99.8000030517578,0
Nevada,21,1985,146.6999969482422,109.3000030517578,0
Nevada,21,1986,142.60000610351562,106.5999984741211,0
Nevada,21,1987,147.6999969482422,114,0
Nevada,21,1988,141.89999389648438,129.60000610351562,0
Nevada,21,1989,137.89999389648438,145.60000610351562,0
Nevada,21,1990,137.3000030517578,173.6999969482422,0
Nevada,21,1991,115.5,186.3000030517578,0
Nevada,21,1992,110,193.8000030517578,0
Nevada,21,1993,108.0999984741211,196.8000030517578,0
Nevada,21,1994,105.1999969482422,190.3000030517578,0
Nevada,21,1995,100.9000015258789,190.3999938964844,0
Nevada,21,1996,99,195,0
Nevada,21,1997,95.5999984741211,198.5,0
Nevada,21,1998,102.4000015258789,200.6000061035156,0
Nevada,21,1999,103.9000015258789,225.8000030517578,0
Nevada,21,2000,93.1999969482422,303.5,0
New Hampshire,22,1970,265.70001220703125,31.399999618530273,0
New Hampshire,22,1971,278,34.099998474121094,0
New Hampshire,22,1972,296.20001220703125,36.099998474121094,0
New Hampshire,22,1973,279,36.900001525878906,0
New Hampshire,22,1974,269.79998779296875,37.900001525878906,0
New Hampshire,22,1975,269.1000061035156,40.79999923706055,0
New Hampshire,22,1976,290.5,43.900001525878906,0
New Hampshire,22,1977,278.79998779296875,45,0
New Hampshire,22,1978,269.6000061035156,49.70000076293945,0
New Hampshire,22,1979,254.6000061035156,53.20000076293945,0
New Hampshire,22,1980,247.8000030517578,55.29999923706055,0
New Hampshire,22,1981,245.3999938964844,58.400001525878906,0
New Hampshire,22,1982,239.8000030517578,67,0
New Hampshire,22,1983,232.8999938964844,74.69999694824219,0
New Hampshire,22,1984,215.1000061035156,90.5,0
New Hampshire,22,1985,201.1000061035156,89.19999694824219,0
New Hampshire,22,1986,195.8999938964844,100,0
New Hampshire,22,1987,195.1000061035156,102,0
New Hampshire,22,1988,180.3999938964844,113.5,0
New Hampshire,22,1989,172.89999389648438,125.9000015258789,0
New Hampshire,22,1990,152.39999389648438,135.89999389648438,0
New Hampshire,22,1991,144.8000030517578,153.89999389648438,0
New Hampshire,22,1992,143.6999969482422,164.39999389648438,0
New Hampshire,22,1993,148.89999389648438,181.1000061035156,0
New Hampshire,22,1994,153.8000030517578,157.8000030517578,0
New Hampshire,22,1995,158.5,163.89999389648438,0
New Hampshire,22,1996,158,168.60000610351562,0
New Hampshire,22,1997,174.39999389648438,176.60000610351562,0
New Hampshire,22,1998,173.8000030517578,197,0
New Hampshire,22,1999,171.6999969482422,222.8000030517578,0
New Hampshire,22,2000,147.3000030517578,313.8999938964844,0
New Mexico,23,1970,90,39.70000076293945,0
New Mexico,23,1971,92.5999984741211,41.70000076293945,0
New Mexico,23,1972,99.3000030517578,41.099998474121094,0
New Mexico,23,1973,98.9000015258789,41.79999923706055,0
New Mexico,23,1974,100.3000030517578,43.70000076293945,0
New Mexico,23,1975,103.0999984741211,46.29999923706055,0
New Mexico,23,1976,102.4000015258789,49.5,0
New Mexico,23,1977,102.4000015258789,51.599998474121094,0
New Mexico,23,1978,103.0999984741211,56,0
New Mexico,23,1979,101,57.599998474121094,0
New Mexico,23,1980,102.6999969482422,62.599998474121094,0
New Mexico,23,1981,103,63,0
New Mexico,23,1982,97.5,69.4000015258789,0
New Mexico,23,1983,96.3000030517578,79.5999984741211,0
New Mexico,23,1984,88.9000015258789,90.1999969482422,0
New Mexico,23,1985,88,97.5,0
New Mexico,23,1986,88.19999694824219,101.1999969482422,0
New Mexico,23,1987,82.30000305175781,110.1999969482422,0
New Mexico,23,1988,77.69999694824219,113.6999969482422,0
New Mexico,23,1989,74.4000015258789,127.1999969482422,0
New Mexico,23,1990,70.80000305175781,133.60000610351562,0
New Mexico,23,1991,69.9000015258789,146.89999389648438,0
New Mexico,23,1992,71.4000015258789,165.39999389648438,0
New Mexico,23,1993,69,172.1999969482422,0
New Mexico,23,1994,68.19999694824219,158.39999389648438,0
New Mexico,23,1995,67,163.5,0
New Mexico,23,1996,65.69999694824219,170.8000030517578,0
New Mexico,23,1997,61.79999923706055,176,0
New Mexico,23,1998,62.599998474121094,183.8000030517578,0
New Mexico,23,1999,59.70000076293945,201.8000030517578,0
New Mexico,23,2000,53.79999923706055,279.79998779296875,0
North Carolina,24,1970,172.39999389648438,27.299999237060547,0
North Carolina,24,1971,187.6000061035156,29.399999618530273,0
North Carolina,24,1972,214.1000061035156,28.700000762939453,0
North Carolina,24,1973,226.5,28.899999618530273,0
North Carolina,24,1974,227.3000030517578,30.100000381469727,0
North Carolina,24,1975,226,32.900001525878906,0
North Carolina,24,1976,230.1999969482422,35.79999923706055,0
North Carolina,24,1977,217,36.599998474121094,0
North Carolina,24,1978,205.5,41.79999923706055,0
North Carolina,24,1979,197.3000030517578,43.70000076293945,0
North Carolina,24,1980,187.8000030517578,47.29999923706055,0
North Carolina,24,1981,179.3000030517578,50,0
North Carolina,24,1982,179,55.5,0
North Carolina,24,1983,169.8000030517578,66,0
North Carolina,24,1984,160.60000610351562,75,0
North Carolina,24,1985,156.3000030517578,78.9000015258789,0
North Carolina,24,1986,154.39999389648438,83.69999694824219,0
North Carolina,24,1987,150.5,90.5999984741211,0
North Carolina,24,1988,146,96,0
North Carolina,24,1989,139.3000030517578,107.5999984741211,0
North Carolina,24,1990,133.6999969482422,116.4000015258789,0
North Carolina,24,1991,132.6999969482422,126.5999984741211,0
North Carolina,24,1992,128.89999389648438,145,0
North Carolina,24,1993,129.6999969482422,153.5,0
North Carolina,24,1994,112.6999969482422,135.89999389648438,0
North Carolina,24,1995,124.9000015258789,142.3000030517578,0
North Carolina,24,1996,129.6999969482422,145.60000610351562,0
North Carolina,24,1997,125.5999984741211,152,0
North Carolina,24,1998,126,167.60000610351562,0
North Carolina,24,1999,113.0999984741211,186.8000030517578,0
North Carolina,24,2000,109,257.29998779296875,0
North Dakota,25,1970,93.8000030517578,37.29999923706055,0
North Dakota,25,1971,98.5,38.900001525878906,0
North Dakota,25,1972,103.8000030517578,38.900001525878906,0
North Dakota,25,1973,108.6999969482422,39.400001525878906,0
North Dakota,25,1974,110.5,39.900001525878906,0
North Dakota,25,1975,117.9000015258789,42.599998474121094,0
North Dakota,25,1976,125.4000015258789,45.900001525878906,0
North Dakota,25,1977,122.1999969482422,47.400001525878906,0
North Dakota,25,1978,121.9000015258789,53.20000076293945,0
North Dakota,25,1979,121.3000030517578,55,0
North Dakota,25,1980,123.6999969482422,59.599998474121094,0
North Dakota,25,1981,125.6999969482422,62,0
North Dakota,25,1982,126.8000030517578,67.80000305175781,0
North Dakota,25,1983,119.5999984741211,77.9000015258789,0
North Dakota,25,1984,109.4000015258789,94.4000015258789,0
North Dakota,25,1985,103.1999969482422,100.5999984741211,0
North Dakota,25,1986,99.8000030517578,104.1999969482422,0
North Dakota,25,1987,92.3000030517578,110.3000030517578,0
North Dakota,25,1988,87.0999984741211,123.3000030517578,0
North Dakota,25,1989,84.0999984741211,135.89999389648438,0
North Dakota,25,1990,77.0999984741211,144.3000030517578,0
North Dakota,25,1991,85.19999694824219,159.8000030517578,0
North Dakota,25,1992,74.30000305175781,168.3000030517578,0
North Dakota,25,1993,83,177.60000610351562,0
North Dakota,25,1994,81,180.10000610351562,0
North Dakota,25,1995,80.5999984741211,179.5,0
North Dakota,25,1996,80.80000305175781,182.6999969482422,0
North Dakota,25,1997,77.5,194.1000061035156,0
North Dakota,25,1998,79.0999984741211,205.1999969482422,0
North Dakota,25,1999,74.69999694824219,223.6000061035156,0
North Dakota,25,2000,72.5,297.5,0
Ohio,26,1970,121.5999984741211,36.599998474121094,0
Ohio,26,1971,124.5999984741211,38.099998474121094,0
Ohio,26,1972,124.4000015258789,38.400001525878906,0
Ohio,26,1973,120.5,42,0
Ohio,26,1974,122.0999984741211,42.900001525878906,0
Ohio,26,1975,122.5,46,0
Ohio,26,1976,124.5999984741211,48.5,0
Ohio,26,1977,127.3000030517578,49.79999923706055,0
Ohio,26,1978,131.3000030517578,53.900001525878906,0
Ohio,26,1979,130.89999389648438,56.29999923706055,0
Ohio,26,1980,133.5,58.70000076293945,0
Ohio,26,1981,132.8000030517578,61.400001525878906,0
Ohio,26,1982,134,68.30000305175781,0
Ohio,26,1983,130,82.5,0
Ohio,26,1984,127.0999984741211,89.19999694824219,0
Ohio,26,1985,126.6999969482422,92.1999969482422,0
Ohio,26,1986,126.3000030517578,98.0999984741211,0
Ohio,26,1987,124.5999984741211,102.1999969482422,0
Ohio,26,1988,122.4000015258789,108.4000015258789,0
Ohio,26,1989,118.5999984741211,120.5,0
Ohio,26,1990,115.5,135.39999389648438,0
Ohio,26,1991,113.1999969482422,139.8000030517578,0
Ohio,26,1992,112.3000030517578,159.60000610351562,0
Ohio,26,1993,108.9000015258789,162.5,0
Ohio,26,1994,108.5999984741211,151.1999969482422,0
Ohio,26,1995,111.6999969482422,155.60000610351562,0
Ohio,26,1996,107.5999984741211,159.6999969482422,0
Ohio,26,1997,108.5999984741211,166.8000030517578,0
Ohio,26,1998,106.4000015258789,172.89999389648438,0
Ohio,26,1999,104,193.1999969482422,0
Ohio,26,2000,99.9000015258789,265.3999938964844,0
Oklahoma,27,1970,108.4000015258789,38.400001525878906,0
Oklahoma,27,1971,115.4000015258789,39.79999923706055,0
Oklahoma,27,1972,121.6999969482422,39.79999923706055,0
Oklahoma,27,1973,124.0999984741211,40.400001525878906,0
Oklahoma,27,1974,130.5,41,0
Oklahoma,27,1975,132.89999389648438,43.599998474121094,0
Oklahoma,27,1976,138.60000610351562,46.400001525878906,0
Oklahoma,27,1977,140.39999389648438,47.900001525878906,0
Oklahoma,27,1978,143.60000610351562,53.099998474121094,0
Oklahoma,27,1979,141.60000610351562,55.5,0
Oklahoma,27,1980,141.60000610351562,62.900001525878906,0
Oklahoma,27,1981,143.6999969482422,65.80000305175781,0
Oklahoma,27,1982,147,71.69999694824219,0
Oklahoma,27,1983,140,83.9000015258789,0
Oklahoma,27,1984,128.10000610351562,93.3000030517578,0
Oklahoma,27,1985,124.1999969482422,95.0999984741211,0
Oklahoma,27,1986,119.9000015258789,104.5999984741211,0
Oklahoma,27,1987,113.0999984741211,114.4000015258789,0
Oklahoma,27,1988,103.5999984741211,122.5999984741211,0
Oklahoma,27,1989,97.5,133.39999389648438,0
Oklahoma,27,1990,88.4000015258789,146.10000610351562,0
Oklahoma,27,1991,87.80000305175781,149.10000610351562,0
Oklahoma,27,1992,86.30000305175781,170.60000610351562,0
Oklahoma,27,1993,86.19999694824219,182.3999938964844,0
Oklahoma,27,1994,104.8000030517578,163.39999389648438,0
Oklahoma,27,1995,109.5,161.10000610351562,0
Oklahoma,27,1996,110.8000030517578,162.6999969482422,0
Oklahoma,27,1997,111.8000030517578,172,0
Oklahoma,27,1998,112.1999969482422,183.6000061035156,0
Oklahoma,27,1999,111.4000015258789,203.3999938964844,0
Oklahoma,27,2000,108.9000015258789,272.6000061035156,0
Pennsylvania,28,1970,107.3000030517578,38.400001525878906,0
Pennsylvania,28,1971,106.3000030517578,44.70000076293945,0
Pennsylvania,28,1972,109,44.70000076293945,0
Pennsylvania,28,1973,110.6999969482422,44.900001525878906,0
Pennsylvania,28,1974,114.1999969482422,46.599998474121094,0
Pennsylvania,28,1975,114.5999984741211,49.79999923706055,0
Pennsylvania,28,1976,118.8000030517578,52.29999923706055,0
Pennsylvania,28,1977,120.0999984741211,53.29999923706055,0
Pennsylvania,28,1978,122.3000030517578,57.400001525878906,0
Pennsylvania,28,1979,122.5999984741211,60.599998474121094,0
Pennsylvania,28,1980,124,61.29999923706055,0
Pennsylvania,28,1981,125.1999969482422,64.80000305175781,0
Pennsylvania,28,1982,123.3000030517578,69.80000305175781,0
Pennsylvania,28,1983,125.3000030517578,81.69999694824219,0
Pennsylvania,28,1984,115.3000030517578,97.6999969482422,0
Pennsylvania,28,1985,115.8000030517578,100.0999984741211,0
Pennsylvania,28,1986,113.9000015258789,104.9000015258789,0
Pennsylvania,28,1987,110.5999984741211,110,0
Pennsylvania,28,1988,107.5999984741211,112.3000030517578,0
Pennsylvania,28,1989,107.0999984741211,122.8000030517578,0
Pennsylvania,28,1990,101.3000030517578,133.6999969482422,0
Pennsylvania,28,1991,102.5,144.10000610351562,0
Pennsylvania,28,1992,96.1999969482422,176.1999969482422,0
Pennsylvania,28,1993,94.6999969482422,183.8000030517578,0
Pennsylvania,28,1994,95.4000015258789,158.10000610351562,0
Pennsylvania,28,1995,95.4000015258789,161.6999969482422,0
Pennsylvania,28,1996,93.3000030517578,169.39999389648438,0
Pennsylvania,28,1997,92.9000015258789,176.5,0
Pennsylvania,28,1998,92.0999984741211,190.8999938964844,0
Pennsylvania,28,1999,91.0999984741211,205,0
Pennsylvania,28,2000,87.9000015258789,280.1000061035156,0
Rhode Island,29,1970,123.9000015258789,39.29999923706055,0
Rhode Island,29,1971,123.1999969482422,40.20000076293945,0
Rhode Island,29,1972,134.39999389648438,41.599998474121094,0
Rhode Island,29,1973,142,40.599998474121094,0
Rhode Island,29,1974,146.10000610351562,41.29999923706055,0
Rhode Island,29,1975,154.6999969482422,44.29999923706055,0
Rhode Island,29,1976,150.1999969482422,52.20000076293945,0
Rhode Island,29,1977,148.8000030517578,52.29999923706055,0
Rhode Island,29,1978,146.8000030517578,56.29999923706055,0
Rhode Island,29,1979,145.8000030517578,58.70000076293945,0
Rhode Island,29,1980,149.3000030517578,60,0
Rhode Island,29,1981,151.1999969482422,64.5,0
Rhode Island,29,1982,146.3000030517578,71.5999984741211,0
Rhode Island,29,1983,135.8000030517578,84,0
Rhode Island,29,1984,136.89999389648438,94.8000030517578,0
Rhode Island,29,1985,133.39999389648438,100.3000030517578,0
Rhode Island,29,1986,136.3000030517578,101.8000030517578,0
Rhode Island,29,1987,124.4000015258789,113.5,0
Rhode Island,29,1988,138,121.5,0
Rhode Island,29,1989,120.8000030517578,134.8000030517578,0
Rhode Island,29,1990,101.4000015258789,150.89999389648438,0
Rhode Island,29,1991,103.5999984741211,170.3000030517578,0
Rhode Island,29,1992,100.0999984741211,190,0
Rhode Island,29,1993,94.0999984741211,197.8999938964844,0
Rhode Island,29,1994,91.9000015258789,168.89999389648438,0
Rhode Island,29,1995,90.8000030517578,209.6000061035156,0
Rhode Island,29,1996,87.5,214.8999938964844,0
Rhode Island,29,1997,90,217,0
Rhode Island,29,1998,88.69999694824219,232.1999969482422,0
Rhode Island,29,1999,86.9000015258789,251.6999969482422,0
Rhode Island,29,2000,83.0999984741211,322.8999938964844,0
South Carolina,30,1970,103.5999984741211,32.5,0
South Carolina,30,1971,115,34.29999923706055,0
South Carolina,30,1972,118.6999969482422,34.099998474121094,0
South Carolina,30,1973,125.5,33.5,0
South Carolina,30,1974,129.6999969482422,35.20000076293945,0
South Carolina,30,1975,130.5,38.099998474121094,0
South Carolina,30,1976,136.8000030517578,41,0
South Carolina,30,1977,137.1999969482422,42.20000076293945,0
South Carolina,30,1978,140.39999389648438,49.20000076293945,0
South Carolina,30,1979,135.6999969482422,50.20000076293945,0
South Carolina,30,1980,138.3000030517578,52.29999923706055,0
South Carolina,30,1981,136.10000610351562,54.70000076293945,0
South Carolina,30,1982,136,61.900001525878906,0
South Carolina,30,1983,131.10000610351562,72.4000015258789,0
South Carolina,30,1984,127,81.30000305175781,0
South Carolina,30,1985,125.4000015258789,83,0
South Carolina,30,1986,126.5999984741211,88.69999694824219,0
South Carolina,30,1987,126.5999984741211,95.3000030517578,0
South Carolina,30,1988,124.4000015258789,99.9000015258789,0
South Carolina,30,1989,122.4000015258789,111.9000015258789,0
South Carolina,30,1990,118.5999984741211,125.1999969482422,0
South Carolina,30,1991,121.5,129,0
South Carolina,30,1992,112.8000030517578,151.89999389648438,0
South Carolina,30,1993,115.1999969482422,164.5,0
South Carolina,30,1994,112.1999969482422,139.10000610351562,0
South Carolina,30,1995,109.1999969482422,140,0
South Carolina,30,1996,102.9000015258789,149.5,0
South Carolina,30,1997,124.5,153.89999389648438,0
South Carolina,30,1998,126.9000015258789,165.3000030517578,0
South Carolina,30,1999,109.4000015258789,179.60000610351562,0
South Carolina,30,2000,103.9000015258789,255.3000030517578,0
South Dakota,31,1970,92.6999969482422,38.5,0
South Dakota,31,1971,96.6999969482422,38.5,0
South Dakota,31,1972,103,39.099998474121094,0
South Dakota,31,1973,103.5,39.599998474121094,0
South Dakota,31,1974,108.4000015258789,40.400001525878906,0
South Dakota,31,1975,113.5,42.79999923706055,0
South Dakota,31,1976,116.6999969482422,45,0
South Dakota,31,1977,115.5999984741211,46.400001525878906,0
South Dakota,31,1978,116.9000015258789,53.20000076293945,0
South Dakota,31,1979,117.4000015258789,54.099998474121094,0
South Dakota,31,1980,114.6999969482422,58.79999923706055,0
South Dakota,31,1981,115.6999969482422,62.29999923706055,0
South Dakota,31,1982,113,68,0
South Dakota,31,1983,109.8000030517578,78.80000305175781,0
South Dakota,31,1984,105.6999969482422,89.80000305175781,0
South Dakota,31,1985,104.4000015258789,92.3000030517578,0
South Dakota,31,1986,97,108.5,0
South Dakota,31,1987,95.8000030517578,113.6999969482422,0
South Dakota,31,1988,91.9000015258789,124.6999969482422,0
South Dakota,31,1989,87.4000015258789,130.10000610351562,0
South Dakota,31,1990,88.30000305175781,138.89999389648438,0
South Dakota,31,1991,91.8000030517578,150.3000030517578,0
South Dakota,31,1992,93,163,0
South Dakota,31,1993,91.5999984741211,180.3000030517578,0
South Dakota,31,1994,94.8000030517578,154.39999389648438,0
South Dakota,31,1995,98.5999984741211,162.10000610351562,0
South Dakota,31,1996,92.3000030517578,171.1999969482422,0
South Dakota,31,1997,88.80000305175781,181.6999969482422,0
South Dakota,31,1998,88.30000305175781,192.8000030517578,0
South Dakota,31,1999,83.5,207.8999938964844,0
South Dakota,31,2000,75.0999984741211,272.8999938964844,0
Tennessee,32,1970,99.8000030517578,39.900001525878906,0
Tennessee,32,1971,106.3000030517578,41.599998474121094,0
Tennessee,32,1972,111.5,41.599998474121094,0
Tennessee,32,1973,109.6999969482422,40.79999923706055,0
Tennessee,32,1974,114.8000030517578,42.5,0
Tennessee,32,1975,117.4000015258789,45.29999923706055,0
Tennessee,32,1976,121.6999969482422,48.29999923706055,0
Tennessee,32,1977,124.5999984741211,49.599998474121094,0
Tennessee,32,1978,127.3000030517578,54.79999923706055,0
Tennessee,32,1979,127.1999969482422,57.29999923706055,0
Tennessee,32,1980,130.39999389648438,60.29999923706055,0
Tennessee,32,1981,129.10000610351562,63.70000076293945,0
Tennessee,32,1982,131.39999389648438,68.30000305175781,0
Tennessee,32,1983,129,79.0999984741211,0
Tennessee,32,1984,125.0999984741211,88.30000305175781,0
Tennessee,32,1985,128.6999969482422,92.5,0
Tennessee,32,1986,129,98.8000030517578,0
Tennessee,32,1987,130.60000610351562,103.5,0
Tennessee,32,1988,125.3000030517578,112.0999984741211,0
Tennessee,32,1989,124.6999969482422,121.5,0
Tennessee,32,1990,121.8000030517578,135,0
Tennessee,32,1991,120.5999984741211,137.39999389648438,0
Tennessee,32,1992,121,163.89999389648438,0
Tennessee,32,1993,120.8000030517578,170.1999969482422,0
Tennessee,32,1994,118.8000030517578,150.3000030517578,0
Tennessee,32,1995,125.4000015258789,153,0
Tennessee,32,1996,119.1999969482422,155.89999389648438,0
Tennessee,32,1997,118.9000015258789,161.10000610351562,0
Tennessee,32,1998,119.6999969482422,167.6999969482422,0
Tennessee,32,1999,115.5999984741211,189.5,0
Tennessee,32,2000,108.6999969482422,261.20001220703125,0
Texas,33,1970,106.4000015258789,40.400001525878906,0
Texas,33,1971,108.9000015258789,42,0
Texas,33,1972,108.5999984741211,46.900001525878906,0
Texas,33,1973,110.4000015258789,46.400001525878906,0
Texas,33,1974,114.6999969482422,47.5,0
Texas,33,1975,116,50.599998474121094,0
Texas,33,1976,121.4000015258789,53.29999923706055,0
Texas,33,1977,124.1999969482422,53.29999923706055,0
Texas,33,1978,126.5999984741211,59.099998474121094,0
Texas,33,1979,126.4000015258789,62.20000076293945,0
Texas,33,1980,129.6999969482422,63.70000076293945,0
Texas,33,1981,129,66.9000015258789,0
Texas,33,1982,131.1999969482422,73.80000305175781,0
Texas,33,1983,126.4000015258789,84.0999984741211,0
Texas,33,1984,117.1999969482422,93.8000030517578,0
Texas,33,1985,115.9000015258789,102.0999984741211,0
Texas,33,1986,113.6999969482422,105.5,0
Texas,33,1987,105.8000030517578,114.4000015258789,0
Texas,33,1988,96.5,128,0
Texas,33,1989,94.5,137,0
Texas,33,1990,85.5999984741211,145.6999969482422,0
Texas,33,1991,79.4000015258789,173.60000610351562,0
Texas,33,1992,77.19999694824219,186,0
Texas,33,1993,81.30000305175781,204.6000061035156,0
Texas,33,1994,78.80000305175781,177.6999969482422,0
Texas,33,1995,75.19999694824219,185,0
Texas,33,1996,74.5999984741211,188.3999938964844,0
Texas,33,1997,72.5999984741211,189.8000030517578,0
Texas,33,1998,73.19999694824219,201.8000030517578,0
Texas,33,1999,67.5999984741211,225,0
Texas,33,2000,69.30000305175781,292.29998779296875,0
Utah,34,1970,65.5,34.599998474121094,0
Utah,34,1971,67.69999694824219,36.599998474121094,0
Utah,34,1972,71.30000305175781,37.20000076293945,0
Utah,34,1973,72.69999694824219,36.5,0
Utah,34,1974,75.5999984741211,37.79999923706055,0
Utah,34,1975,75.80000305175781,40.5,0
Utah,34,1976,77.9000015258789,43.400001525878906,0
Utah,34,1977,78,44.70000076293945,0
Utah,34,1978,79.5999984741211,49.5,0
Utah,34,1979,79.0999984741211,53.70000076293945,0
Utah,34,1980,74.80000305175781,57.20000076293945,0
Utah,34,1981,77.5999984741211,62.70000076293945,0
Utah,34,1982,73.5999984741211,68.0999984741211,0
Utah,34,1983,69,82,0
Utah,34,1984,66.30000305175781,95.3000030517578,0
Utah,34,1985,66.5,104.5999984741211,0
Utah,34,1986,64.4000015258789,103.5,0
Utah,34,1987,67.69999694824219,108.5999984741211,0
Utah,34,1988,55,122.9000015258789,0
Utah,34,1989,57,135.60000610351562,0
Utah,34,1990,53.400001525878906,151.89999389648438,0
Utah,34,1991,53.5,167.10000610351562,0
Utah,34,1992,55,170.10000610351562,0
Utah,34,1993,56.20000076293945,180.10000610351562,0
Utah,34,1994,55.79999923706055,160.39999389648438,0
Utah,34,1995,52,168.8000030517578,0
Utah,34,1996,54,174.89999389648438,0
Utah,34,1997,57,186.1999969482422,0
Utah,34,1998,42.29999923706055,222.6999969482422,0
Utah,34,1999,43.900001525878906,243.6999969482422,0
Utah,34,2000,40.70000076293945,312.8999938964844,0
Vermont,35,1970,122.5999984741211,37.70000076293945,0
Vermont,35,1971,124.4000015258789,39.5,0
Vermont,35,1972,138,40,0
Vermont,35,1973,146.8000030517578,39.79999923706055,0
Vermont,35,1974,151.8000030517578,41.29999923706055,0
Vermont,35,1975,155.5,41.79999923706055,0
Vermont,35,1976,171.10000610351562,47.099998474121094,0
Vermont,35,1977,169.39999389648438,47,0
Vermont,35,1978,162.39999389648438,52.5,0
Vermont,35,1979,160.89999389648438,54.79999923706055,0
Vermont,35,1980,161.60000610351562,58.900001525878906,0
Vermont,35,1981,163.8000030517578,61,0
Vermont,35,1982,162.3000030517578,66.80000305175781,0
Vermont,35,1983,153.8000030517578,77,0
Vermont,35,1984,144.3000030517578,90.5999984741211,0
Vermont,35,1985,144.5,95.5,0
Vermont,35,1986,131.1999969482422,104.9000015258789,0
Vermont,35,1987,128.3000030517578,113.8000030517578,0
Vermont,35,1988,128.6999969482422,123.6999969482422,0
Vermont,35,1989,120.9000015258789,129.6999969482422,0
Vermont,35,1990,124.3000030517578,143.6999969482422,0
Vermont,35,1991,120.9000015258789,150.10000610351562,0
Vermont,35,1992,126.5,168,0
Vermont,35,1993,117.1999969482422,173.8000030517578,0
Vermont,35,1994,120.3000030517578,159.60000610351562,0
Vermont,35,1995,123.1999969482422,160.10000610351562,0
Vermont,35,1996,102.5,196.3999938964844,0
Vermont,35,1997,97.6999969482422,201.8999938964844,0
Vermont,35,1998,97,213.8999938964844,0
Vermont,35,1999,94.0999984741211,233.6999969482422,0
Vermont,35,2000,88.9000015258789,301.1000061035156,0
Virginia,36,1970,124.3000030517578,28.799999237060547,0
Virginia,36,1971,128.39999389648438,30.200000762939453,0
Virginia,36,1972,137,29.899999618530273,0
Virginia,36,1973,143.10000610351562,30.100000381469727,0
Virginia,36,1974,149.60000610351562,31.299999237060547,0
Virginia,36,1975,152.6999969482422,33.599998474121094,0
Virginia,36,1976,158.10000610351562,37.900001525878906,0
Virginia,36,1977,157.6999969482422,38.400001525878906,0
Virginia,36,1978,155.89999389648438,42.79999923706055,0
Virginia,36,1979,151.8000030517578,45.79999923706055,0
Virginia,36,1980,148.89999389648438,48.5,0
Virginia,36,1981,149.89999389648438,51.79999923706055,0
Virginia,36,1982,147.39999389648438,56.400001525878906,0
Virginia,36,1983,144.6999969482422,68.80000305175781,0
Virginia,36,1984,136.8000030517578,76,0
Virginia,36,1985,134.60000610351562,83.5999984741211,0
Virginia,36,1986,135.8000030517578,91.3000030517578,0
Virginia,36,1987,133,94.5999984741211,0
Virginia,36,1988,129.5,102.0999984741211,0
Virginia,36,1989,122.5,109.4000015258789,0
Virginia,36,1990,118.9000015258789,128.60000610351562,0
Virginia,36,1991,109.0999984741211,136.5,0
Virginia,36,1992,108.1999969482422,157.89999389648438,0
Virginia,36,1993,105.4000015258789,165.6999969482422,0
Virginia,36,1994,106.1999969482422,156.5,0
Virginia,36,1995,106.6999969482422,157.5,0
Virginia,36,1996,104.5999984741211,159.60000610351562,0
Virginia,36,1997,108,159.60000610351562,0
Virginia,36,1998,105.5999984741211,162.1999969482422,0
Virginia,36,1999,102.0999984741211,183.6999969482422,0
Virginia,36,2000,96.6999969482422,252.8000030517578,0
West Virginia,37,1970,114.5,33.70000076293945,0
West Virginia,37,1971,111.5,41.599998474121094,0
West Virginia,37,1972,117.5,41.29999923706055,0
West Virginia,37,1973,116.5999984741211,39.900001525878906,0
West Virginia,37,1974,119.9000015258789,42,0
West Virginia,37,1975,123.1999969482422,45.20000076293945,0
West Virginia,37,1976,129.6999969482422,48.400001525878906,0
West Virginia,37,1977,133.89999389648438,48.900001525878906,0
West Virginia,37,1978,131.60000610351562,53.900001525878906,0
West Virginia,37,1979,122.0999984741211,62.400001525878906,0
West Virginia,37,1980,122.3000030517578,64.30000305175781,0
West Virginia,37,1981,120.5,66.19999694824219,0
West Virginia,37,1982,119.8000030517578,75.0999984741211,0
West Virginia,37,1983,115.6999969482422,88.19999694824219,0
West Virginia,37,1984,111.9000015258789,97.1999969482422,0
West Virginia,37,1985,109.0999984741211,103.1999969482422,0
West Virginia,37,1986,112.0999984741211,104.0999984741211,0
West Virginia,37,1987,107.5,112.8000030517578,0
West Virginia,37,1988,109.0999984741211,122.1999969482422,0
West Virginia,37,1989,104,131.1999969482422,0
West Virginia,37,1990,104.0999984741211,142.89999389648438,0
West Virginia,37,1991,100.0999984741211,144.10000610351562,0
West Virginia,37,1992,97.9000015258789,158.1999969482422,0
West Virginia,37,1993,111,166.1999969482422,0
West Virginia,37,1994,104.1999969482422,150.10000610351562,0
West Virginia,37,1995,115.1999969482422,156.8000030517578,0
West Virginia,37,1996,112.6999969482422,157.3000030517578,0
West Virginia,37,1997,114.5,160.89999389648438,0
West Virginia,37,1998,114.5999984741211,171.10000610351562,0
West Virginia,37,1999,112.4000015258789,192.3999938964844,0
West Virginia,37,2000,107.9000015258789,253.6999969482422,0
Wisconsin,38,1970,106.4000015258789,38.5,0
Wisconsin,38,1971,105.4000015258789,40.20000076293945,0
Wisconsin,38,1972,108.8000030517578,40.29999923706055,0
Wisconsin,38,1973,109.5,42.599998474121094,0
Wisconsin,38,1974,111.8000030517578,43.900001525878906,0
Wisconsin,38,1975,113.5,46.599998474121094,0
Wisconsin,38,1976,115.4000015258789,51.29999923706055,0
Wisconsin,38,1977,117.1999969482422,52.099998474121094,0
Wisconsin,38,1978,116.6999969482422,57.099998474121094,0
Wisconsin,38,1979,117.0999984741211,58.70000076293945,0
Wisconsin,38,1980,117.5999984741211,61.20000076293945,0
Wisconsin,38,1981,119.9000015258789,64.9000015258789,0
Wisconsin,38,1982,115.5999984741211,75,0
Wisconsin,38,1983,106.3000030517578,92,0
Wisconsin,38,1984,105.5999984741211,100.8000030517578,0
Wisconsin,38,1985,107,106.8000030517578,0
Wisconsin,38,1986,105.4000015258789,110.8000030517578,0
Wisconsin,38,1987,106,116.3000030517578,0
Wisconsin,38,1988,102.5999984741211,128.60000610351562,0
Wisconsin,38,1989,100.3000030517578,138.3000030517578,0
Wisconsin,38,1990,94,151.10000610351562,0
Wisconsin,38,1991,95.5,158.60000610351562,0
Wisconsin,38,1992,96.1999969482422,176.5,0
Wisconsin,38,1993,91.1999969482422,195.5,0
Wisconsin,38,1994,91.8000030517578,178.60000610351562,0
Wisconsin,38,1995,93.5,188,0
Wisconsin,38,1996,92.0999984741211,200.5,0
Wisconsin,38,1997,91.9000015258789,200.6999969482422,0
Wisconsin,38,1998,88.69999694824219,210.8000030517578,0
Wisconsin,38,1999,84.4000015258789,243.5,0
Wisconsin,38,2000,80.0999984741211,312.79998779296875,0
Wyoming,39,1970,132.1999969482422,34.099998474121094,0
Wyoming,39,1971,131.6999969482422,34.400001525878906,0
Wyoming,39,1972,140,34.400001525878906,0
Wyoming,39,1973,141.1999969482422,34.400001525878906,0
Wyoming,39,1974,145.8000030517578,35.79999923706055,0
Wyoming,39,1975,160.6999969482422,38.599998474121094,0
Wyoming,39,1976,161.5,42.599998474121094,0
Wyoming,39,1977,160.39999389648438,43.400001525878906,0
Wyoming,39,1978,160.3000030517578,49.79999923706055,0
Wyoming,39,1979,168.60000610351562,51.70000076293945,0
Wyoming,39,1980,158.10000610351562,55.29999923706055,0
Wyoming,39,1981,163.10000610351562,55.900001525878906,0
Wyoming,39,1982,157.6999969482422,64.30000305175781,0
Wyoming,39,1983,141.1999969482422,71,0
Wyoming,39,1984,128.89999389648438,81.69999694824219,0
Wyoming,39,1985,125.6999969482422,87.4000015258789,0
Wyoming,39,1986,124.8000030517578,97.8000030517578,0
Wyoming,39,1987,110.4000015258789,102.6999969482422,0
Wyoming,39,1988,114.3000030517578,112.9000015258789,0
Wyoming,39,1989,111.4000015258789,118.5999984741211,0
Wyoming,39,1990,96.9000015258789,129.5,0
Wyoming,39,1991,109.0999984741211,136,0
Wyoming,39,1992,110.8000030517578,155.10000610351562,0
Wyoming,39,1993,108.4000015258789,166.89999389648438,0
Wyoming,39,1994,111.1999969482422,147.39999389648438,0
Wyoming,39,1995,115,153,0
Wyoming,39,1996,110.3000030517578,162.5,0
Wyoming,39,1997,108.8000030517578,164.10000610351562,0
Wyoming,39,1998,102.9000015258789,168.8000030517578,0
Wyoming,39,1999,104.8000030517578,189.6000061035156,0
Wyoming,39,2000,90.5,267.1000061035156,0
