nuts1,country,country_group,country_col,name_latn,centroid_x,centroid_y,area_km2,queen_degree,queen_repaired,knn_k,in_map_frame
AT1,AT,Western,#7FD8CD,Ostösterreich,4758885.661059842,2769433.5115,23651.6,6,FALSE,7,TRUE
AT2,AT,Western,#7FD8CD,Südösterreich,4701138.9170456305,2675820.4589,25780,4,FALSE,7,TRUE
AT3,AT,Western,#7FD8CD,Westösterreich,4573562.7837475445,2739127.4487499995,34419.5,6,FALSE,7,TRUE
BE1,BE,Western,#6EC5B8,Région de Bruxelles-Capitale/Brussels Hoofdstedelijk Gewest,3924976.382031628,3098060.7084999997,158.9,1,FALSE,7,TRUE
BE2,BE,Western,#6EC5B8,Vlaams Gewest,3914094.3066489133,3120247.4048000006,13660.8,5,FALSE,7,TRUE
BE3,BE,Western,#6EC5B8,Région wallonne,3977622.0245416183,3018323.37985,16935.2,7,FALSE,7,TRUE
BG3,BG,CEE,#FF9AA2,Severna i Yugoiztochna Bulgaria,5544537.669246545,2373023.987349999,68434.2,4,FALSE,7,TRUE
BG4,BG,CEE,#FF9AA2,Yugozapadna i Yuzhna tsentralna Bulgaria,5507748.055536231,2221317.9579,42955.8,2,FALSE,7,TRUE
CY0,CY,Southern,#F7C59F,Kýpros,6442934.445549877,1677060.57285,9241,1,TRUE,7,TRUE
CZ0,CZ,CEE,#F3888E,Česko,4730383.413791269,2976258.53075,78896.9,7,FALSE,7,TRUE
DE1,DE,Western,#5EB3A3,Baden-Württemberg,4253065.162208757,2840156.80805,36049.9,5,FALSE,7,TRUE
DE2,DE,Western,#5EB3A3,Bayern,4473092.327693063,2866080.3263500007,70328.1,6,FALSE,7,TRUE
DE3,DE,Western,#5EB3A3,Berlin,4551001.394751936,3273548.6809,879.9,1,FALSE,7,TRUE
DE4,DE,Western,#5EB3A3,Brandenburg,4502485.375122509,3266797.545050001,29424.2,6,FALSE,7,TRUE
DE5,DE,Western,#5EB3A3,Bremen,4241491.52531198,3335001.18965,385.8,1,FALSE,7,TRUE
DE6,DE,Western,#5EB3A3,Hamburg,4321376.079175221,3388645.5507000005,770.5,2,FALSE,7,TRUE
DE7,DE,Western,#5EB3A3,Hessen,4255180.325956999,3051945.23625,21066.7,6,FALSE,7,TRUE
DE8,DE,Western,#5EB3A3,Mecklenburg-Vorpommern,4480507.502811968,3423861.6245999997,23182.4,4,FALSE,7,TRUE
DE9,DE,Western,#5EB3A3,Niedersachsen,4240565.027690364,3277048.016949999,47831.5,11,FALSE,7,TRUE
DEA,DE,Western,#5EB3A3,Nordrhein-Westfalen,4151948.1307451837,3147796.5797499996,34210.3,6,FALSE,7,TRUE
DEB,DE,Western,#5EB3A3,Rheinland-Pfalz,4126464.929034411,2984752.4208500003,19918.3,7,FALSE,7,TRUE
DEC,DE,Western,#5EB3A3,Saarland,4101085.3008041624,2923172.6898,2519.3,3,FALSE,7,TRUE
DED,DE,Western,#5EB3A3,Sachsen,4565176.629213383,3094581.3555499995,18453,7,FALSE,7,TRUE
DEE,DE,Western,#5EB3A3,Sachsen-Anhalt,4436363.11891891,3210954.8729500007,20709.2,4,FALSE,7,TRUE
DEF,DE,Western,#5EB3A3,Schleswig-Holstein,4314304.075829273,3446259.644649999,15532.3,4,FALSE,7,TRUE
DEG,DE,Western,#5EB3A3,Thüringen,4410008.626588441,3088782.2741,16101.5,5,FALSE,7,TRUE
DK0,DK,Northern,#9EC8EA,Danmark,4274945.226659393,3681418.4842500007,43509.4,1,FALSE,7,TRUE
EE0,EE,Baltics,#C0504A,Eesti,5208896.071302019,4065670.56525,45237.7,1,FALSE,7,TRUE
EL3,EL,Southern,#DEAC85,Attiki,5517333.678082344,1769184.0289000003,4002.4,1,FALSE,7,TRUE
EL4,EL,Southern,#DEAC85,"Nisia Aigaiou, Kriti",5666469.839949298,1478595.1878500003,17115.3,1,TRUE,7,TRUE
EL5,EL,Southern,#DEAC85,Voreia Elláda,5323985.425928454,2025195.4588000001,51615,2,FALSE,7,TRUE
EL6,EL,Southern,#DEAC85,Kentriki Elláda,5373565.836902999,1872748.2326499997,58699.3,2,FALSE,7,TRUE
ES1,ES,Southern,#C5936C,Noroeste,3132062.228307626,2355963.96395,45381.9,3,FALSE,7,TRUE
ES2,ES,Southern,#C5936C,Noreste,3436900.1498528034,2140117.3498,70237.1,5,FALSE,7,TRUE
ES3,ES,Southern,#C5936C,Comunidad de Madrid,3151675.2248640195,2047526.4592499994,7891.9,1,FALSE,7,TRUE
ES4,ES,Southern,#C5936C,Centro (ES),2995412.026548429,2047526.4592499994,215739.5,6,FALSE,7,TRUE
ES5,ES,Southern,#C5936C,Este,3719661.180433235,1859815.3295999998,60338.9,4,FALSE,7,TRUE
ES6,ES,Southern,#C5936C,Sur,3095453.21375427,1722244.5280499998,99003.1,3,FALSE,7,TRUE
ES7,ES,Southern,#C5936C,Canarias,1711168.7436327618,1036492.3679499999,7398.1,1,TRUE,7,FALSE
FI1,FI,Northern,#6694C1,Manner-Suomi,5163299.085400711,4726476.3757,337265.6,1,FALSE,7,TRUE
FI2,FI,Northern,#6694C1,Åland,4868773.581747903,4163471.1720000003,1305.8,1,TRUE,7,TRUE
FR1,FR,Western,#4EA18E,Ile-de-France,3772975.955370846,2871648.67775,12267.5,5,FALSE,7,TRUE
FRB,FR,Western,#4EA18E,Centre — Val de Loire,3689071.0936476933,2764731.2408999996,39646.9,6,FALSE,7,TRUE
FRC,FR,Western,#4EA18E,Bourgogne-Franche-Comté,3940365.077966015,2702758.98015,47989,4,FALSE,7,TRUE
FRD,FR,Western,#4EA18E,Normandie,3594841.911947637,2929455.073,30129.7,5,FALSE,7,TRUE
FRE,FR,Western,#4EA18E,Hauts-de-France,3814882.7373193083,3005604.0190500002,31732.6,5,FALSE,7,TRUE
FRF,FR,Western,#4EA18E,Grand Est,4012275.982955012,2861853.9936499996,57633.5,8,FALSE,7,TRUE
FRG,FR,Western,#4EA18E,Pays de la Loire,3488493.5836107526,2762359.8964,32386.4,4,FALSE,7,TRUE
FRH,FR,Western,#4EA18E,Bretagne,3376258.969935559,2862328.95285,27411.6,2,FALSE,7,TRUE
FRI,FR,Western,#4EA18E,Nouvelle-Aquitaine,3571667.3527486203,2483915.21595,84991.3,5,FALSE,7,TRUE
FRJ,FR,Western,#4EA18E,Occitanie,3699524.117483415,2312668.9349000007,73370.1,5,FALSE,7,TRUE
FRK,FR,Western,#4EA18E,Auvergne-Rhône-Alpes,3905378.237662833,2500654.34375,71216,6,FALSE,7,TRUE
FRL,FR,Western,#4EA18E,Provence-Alpes-Côte d’Azur,4002419.039332346,2342409.6234999998,31750.3,3,FALSE,7,TRUE
FRM,FR,Western,#4EA18E,Corse,4244028.0064579835,2111484.4629499996,8522.6,1,TRUE,7,TRUE
HU1,HU,CEE,#E7777A,Közép-Magyarország,5021785.745439341,2749367.6098500006,6900.7,3,FALSE,7,TRUE
HU2,HU,CEE,#E7777A,Dunántúl,4899965.064912,2668234.16945,36512.2,5,FALSE,7,TRUE
HU3,HU,CEE,#E7777A,Alföld és Észak,5142986.3237615675,2734790.0133500006,49555,5,FALSE,7,TRUE
IE0,IE,Western,#3D8F79,Ireland,3152433.872986034,3521380.26325,69617,1,TRUE,7,TRUE
ITC,IT,Southern,#AC7B53,Nord-Ovest,4232557.828157451,2456236.69035,57994.6,4,FALSE,7,TRUE
ITF,IT,Southern,#AC7B53,Sud,4822904.917437803,1940449.9196500005,73746.8,1,FALSE,7,TRUE
ITG,IT,Southern,#AC7B53,Isole,4663651.478468756,1621584.8200000003,49961.1,1,TRUE,7,TRUE
ITH,IT,Southern,#AC7B53,Nord-Est,4441811.172312231,2484100.6371,62227,5,FALSE,7,TRUE
ITI,IT,Southern,#AC7B53,Centro (IT),4501829.396616168,2199793.6465,58220.8,3,FALSE,7,TRUE
LT0,LT,Baltics,#8F302D,Lietuva,5184263.647979364,3656186.99845,64584.4,3,FALSE,7,TRUE
LU0,LU,Western,#2D7D64,Luxembourg,4040403.440243123,2975495.2678500004,2627.5,4,FALSE,7,TRUE
LV0,LV,Baltics,#5E1010,Latvija,5291052.496712122,3846296.07005,64646.6,2,FALSE,7,TRUE
MT0,MT,Southern,#93623A,Malta,4706489.379994249,1453186.9649999999,275.5,1,TRUE,7,TRUE
NL1,NL,Western,#1D6B4F,Noord-Nederland,4065930.3621122423,3327520.2993,8966.6,3,FALSE,7,TRUE
NL2,NL,Western,#1D6B4F,Oost-Nederland,4062304.6423255075,3250079.1542999996,10833.1,5,FALSE,7,TRUE
NL3,NL,Western,#1D6B4F,West-Nederland,3888869.874072995,3152124.1971499994,10186.8,4,FALSE,7,TRUE
NL4,NL,Western,#1D6B4F,Zuid-Nederland,4020430.7042534384,3143147.5703999996,7225.9,5,FALSE,7,TRUE
PL2,PL,CEE,#DB6566,Makroregion południowy,5017118.47933103,3047595.71,27577.8,5,FALSE,7,TRUE
PL4,PL,CEE,#DB6566,Makroregion północno-zachodni,4714801.02611394,3329961.5447500004,66332.9,6,FALSE,7,TRUE
PL5,PL,CEE,#DB6566,Makroregion południowo-zachodni,4803135.88918577,3111159.4705,29430.2,5,FALSE,7,TRUE
PL6,PL,CEE,#DB6566,Makroregion północny,4921317.630884225,3425694.9006000003,60391.9,5,FALSE,7,TRUE
PL7,PL,CEE,#DB6566,Makroregion centralny,4977779.384048451,3179740.69965,29984.4,6,FALSE,7,TRUE
PL8,PL,CEE,#DB6566,Makroregion wschodni,5196484.259782717,3254664.8953,63360.1,6,FALSE,7,TRUE
PL9,PL,CEE,#DB6566,Makroregion województwo mazowieckie,5080657.458519431,3311218.1937500006,35407.6,3,FALSE,7,TRUE
PT1,PT,Southern,#7A4A21,Continente,2742656.6352107297,2011481.1346000005,89259.1,3,FALSE,7,TRUE
PT2,PT,Southern,#7A4A21,Região Autónoma dos Açores,1290966.205332533,2361555.30435,2364.2,1,TRUE,7,FALSE
PT3,PT,Southern,#7A4A21,Região Autónoma da Madeira,1812348.499374046,1523816.4118,903.9,1,TRUE,7,FALSE
RO1,RO,CEE,#CF5452,Macroregiunea Unu,5373230.4888639655,2724693.8444500007,68332,4,FALSE,7,TRUE
RO2,RO,CEE,#CF5452,Macroregiunea Doi,5645347.66479563,2697525.60075,72276.7,3,FALSE,7,TRUE
RO3,RO,CEE,#CF5452,Macroregiunea Trei,5596486.726400041,2504897.46,36198.1,4,FALSE,7,TRUE
RO4,RO,CEE,#CF5452,Macroregiunea Patru,5315187.691320618,2539900.70455,61215.6,4,FALSE,7,TRUE
SE1,SE,Northern,#2F6199,Östra Sverige,4689260.993586409,4024838.3341999995,51818.8,2,FALSE,7,TRUE
SE2,SE,Northern,#2F6199,Södra Sverige,4582230.195119074,3801067.8411499998,85785.2,2,FALSE,7,TRUE
SE3,SE,Northern,#2F6199,Norra Sverige,4646537.898668552,4548424.48375,315046.2,3,FALSE,7,TRUE
SI0,SI,CEE,#C3433E,Slovenija,4674808.044213414,2572414.1999499993,20148,4,FALSE,7,TRUE
SK0,SK,CEE,#B8322B,Slovensko,4968465.5215666965,2876973.6454499997,48918.9,7,FALSE,7,TRUE
