"method","family","loss_2018Q4","loss_2019Q4","note"
"DiD","DiD",4.981,6.182,"uniform weights"
"SC","SC",3.056,4.204,"synthdid, Frank-Wolfe"
"SC (exact QP)","SC",3.039,4.172,"quadprog, exact"
"DSC","DSC",2.985,4.121,"synthdid, omega.intercept = TRUE"
"SDID (i)","SDID",2.758,3.894,"lambda fitted on the treatment quarter"
"SDID (ii)","SDID",2.787,3.923,"lambda fitted on the post-period average"
"SDID (iii)","SDID",2.787,3.923,"lambda fitted on the evaluation quarter"
"MASC","MASC",2.726,3.828,"m = 10, phi = 0.158"
"ASCM","ASCM",3.045,4.187,"augsynth, progfunc = Ridge"
