year,country,gdp,ish,sed,pgrw,pop,ipr,opem,gsh,lnlex,polity
1960,1,0.19972949493150657,NA,NA,NA,NA,NA,NA,NA,NA,NA
1970,1,0.028650698369861866,-0.4174555011333572,0.20146597208898165,-0.5017124932356548,0.03760070703849197,-0.2556266516875102,0.42965168726531466,-0.0122238733104673,-0.37405263953488577,-0.04719434699990255
1980,1,-0.03459660289041225,0.31571295502594177,0.0379816570105177,0.2769755252216608,0.0070617206209128425,0.07887936414911927,0.36918171821166035,-0.08441450365696054,-0.1378693747034554,0.04951538045891413
1990,1,-0.019547510534245666,0.5314050403705772,-0.19639748475076257,0.4253162718072989,-0.014889049263571125,0.22345401941447907,0.022504410797534402,0.038855986137760076,0.07492187822986737,-0.0961294690940635
2000,1,-0.17423607987671055,-0.4296624942631618,-0.04305014434873655,-0.2005793037933047,-0.029773378395833633,-0.046706731876088106,-0.8213378162745099,0.05778239082966777,0.4370001360084738,0.0938084356350517
1960,2,0.2399682743315068,NA,NA,NA,NA,NA,NA,NA,NA,NA
1970,2,0.1809574237698619,0.049030135001725185,5.823640754771958e-4,-0.22345996870799195,0.04120623995826707,0.3749136937803839,0.03431287073468792,0.3247806102871025,0.24478645195430626,-0.5413810543144539
1980,2,0.055231337509588085,0.0886759403020349,0.01088572848776588,0.08093641452122124,0.013123994789797283,0.28428811885343747,0.004592004764554458,-0.10519286797982041,0.018333265844380664,-0.4164320864376633
1990,2,-0.30731285713424694,-0.06853464234833237,-0.07586731994265998,0.08041623252378255,-0.012790037683978961,-0.45858931099673,0.046388151433993,-0.18701431171153254,-0.09209194029755996,0.39805723822048816
2000,2,-0.16884417847671007,-0.06917143295542769,0.0643992273794169,0.06210732166298838,-0.04154019706408535,-0.2006125016370914,-0.08529302693323515,-0.032573430595749686,-0.17102777750112735,0.5597559025316289
1960,3,-0.024099202068493586,NA,NA,NA,NA,NA,NA,NA,NA,NA
1970,3,-0.0011911246301381517,0.18142689390226074,0.13816427700565637,0.3656593142554755,0.06035866204818577,-0.10432839599504085,-0.027467953311621218,0.0769346440210219,0.2898693491737572,0.10106166519446314
1980,3,-0.06128915989041106,-0.22362969922719167,0.29515939238594613,-0.21728778411119432,0.02548922070797549,0.23977472949942336,-0.012099618075018803,-0.028004136945836033,-0.024470290670057238,0.2683694936982155
1990,3,0.01732056246575331,0.06010904112825666,-0.11020440177752633,-0.0979218421408179,-0.01937682002369709,-0.010695571415933247,0.046048730054996545,-0.10068755813518804,-0.09962476263761477,0.02388730268232786
2000,3,0.06925892412328905,-0.01790623580332551,-0.32311926761407594,-0.05044968800346333,-0.06647106273246414,-0.12475076208844924,-0.006481158668356302,0.0517570510600025,-0.16577429586608528,-0.39331846157500605
1960,4,-0.22458111286849425,NA,NA,NA,NA,NA,NA,NA,NA,NA
1970,4,-0.0979146954301382,-0.054778732393511276,0.0258096078725214,-0.019527810828815495,0.08276102350693976,-0.2878444554979551,-0.3326266289541841,0.40612059567957914,0.26753760766510504,0.10106166519446314
1980,4,0.010772076309588652,0.02391139666024711,-0.2554018449254847,-0.2622184548957225,0.032466028705362776,-0.11354423136324523,-0.037036800650328855,-0.02782928516456179,-0.00778560531556538,0.2683694936982155
1990,4,0.15134905466575388,-0.028589924080053897,0.4380209796267698,-0.13690618571724467,-0.02626863478440744,-0.11957423999729122,0.18928537282089128,-0.2190440441404526,-0.14398378397265477,0.02388730268232786
2000,4,0.16037467732328947,0.05945725981331762,-0.20842874257380783,0.4186524514417833,-0.08895841742789512,0.5209629268584915,0.18037805678362168,-0.15924726637456488,-0.11576821837688467,-0.39331846157500605
1960,5,-0.21607637266849378,NA,NA,NA,NA,NA,NA,NA,NA,NA
1970,5,-0.06039948523013838,0.18492091223665197,0.06692067183807626,0.019852946572975094,0.08196434613191123,-0.22164530477147948,-0.6185804967935888,0.16098201582349847,0.3308725832105561,0.10106166519446314
1980,5,0.020602458509588528,-0.07973191875071484,0.011820070850619313,-0.14250898084670038,0.032298986509124133,0.21337859807084125,-0.08230572877003206,0.05278087429712114,-0.001192623237438295,0.2683694936982155
1990,5,0.1322497008657535,-0.21144545876724102,-0.040362310154226755,-0.16550978824429774,-0.02551486190115798,-0.2276444507014653,0.17800416599395685,-0.07065611253600308,-0.1436584841223254,0.02388730268232786
2000,5,0.12362369852328992,0.10625646528130406,-0.03837843253446899,0.28816582251802325,-0.08874847073987746,0.23591115740210356,0.5228820595696635,-0.14310677758461648,-0.1860214758507921,-0.39331846157500605
1960,6,0.2922989075315061,NA,NA,NA,NA,NA,NA,NA,NA,NA
1970,6,0.15146628896986192,0.002490186073904721,0.31265271326854926,-0.649384683618763,0.07714778574569275,0.040643920397960526,-0.28574942451897734,0.42419057850770536,-0.24667803590576365,0.009284133836046315
1980,6,-0.056582444290411704,-0.1989599484706257,0.13889063219869668,-0.1719705972650336,0.027957972407095966,0.0919628623792696,0.360405882683754,-0.04001618960484432,-0.07916474319644728,-0.19051816309386838
1990,6,-0.17148298493424674,0.2564521121696792,-0.19826616947646958,0.17844107227328254,-0.025146451638754563,-0.26637917989893256,0.21858402508951602,-0.4233207971060806,0.13130219465953386,-0.5761965561996278
2000,6,-0.21569976727671003,-0.059982349772958576,-0.25327717599077615,0.6429142086105142,-0.07995930651403416,0.13377239712170252,-0.29324048325429264,0.03914640820321935,0.19454058444267752,0.7574305854574495
1960,7,0.3295297141315066,NA,NA,NA,NA,NA,NA,NA,NA,NA
1970,7,0.09116512856986231,0.14124384811115298,0.6062698007952645,-0.07339026674218849,0.07430486612885617,-0.20679330243190314,0.16899067422397795,-0.22979909534089596,-0.25110062266138666,-0.573150199784675
1980,7,0.0463227253095882,-0.021095691890599455,0.14286158724082398,0.025954840271411594,0.027751387355063106,-0.0608256281279847,0.04919824204955919,0.16262208762554617,-0.25131945797792243,-0.7729524967145895
1990,7,-0.20539463233424654,-0.1171009988357763,-0.23634062076275017,-0.24094651719331542,-0.023298318269758145,0.29215511451094617,-0.08003435917700269,0.14142587891622907,0.1351419029110129,0.6345608767210236
2000,7,-0.2616229356767105,-0.0030471573847770106,-0.5127907672733383,0.28838194366409237,-0.07875793521416108,-0.024536183951058332,-0.1381545570965345,-0.07424887120087931,0.3672781777282962,0.7115418197782412
1960,8,-0.22843532266849387,NA,NA,NA,NA,NA,NA,NA,NA,NA
1970,8,-0.09232418023013711,-0.0169772199620373,0.3666109847233394,0.37536870892374175,-0.2075690909000274,0.21127663007172393,0.027294330470454597,0.7299808675880306,0.031928828341252546,-0.34723627644088007
1980,8,0.19639528450958732,0.3849354192504969,0.12931362297944815,0.1694084983040195,-0.07900378118385787,0.22677858141672835,0.06808752828998565,-0.08338857679429734,0.0028112826351522763,-0.6176366744157306
1990,8,0.12913680186575416,-0.0445633596497515,-0.16673211473016375,-0.09647787105044808,0.06859988756067226,-0.49519277622613284,0.030353635684452485,-0.4030873461312897,-0.018590538918203142,0.2674507512873566
2000,8,-0.004772583476710501,-0.3233948396387082,-0.3291924929726238,-0.448299336177313,0.217972984523213,0.05713756473768061,-0.12573549444489285,-0.24350494466244377,-0.016149572058201667,0.6974221995692542
1960,9,0.28150436153150604,NA,NA,NA,NA,NA,NA,NA,NA,NA
1970,9,-0.0028527400301374684,-0.10779405546100707,0.39627635474393824,-0.8454744334832793,0.06619676707703326,-0.9533988855170398,0.2280750026314922,0.3465096626211228,-0.33534999219284845,0.14695043087367132
1980,9,-0.03807266629041184,-0.07611463728003942,0.1552416235486329,-0.003408038164907423,0.02120518178288397,0.4037244083666476,0.4849834197698051,0.24869174099433222,-0.08260017477599879,0.11658357645160322
1990,9,0.016560494065753772,0.16544909617468462,-0.19406162884362899,0.5974436075755543,-0.022819797355080162,0.6719134187002493,-0.13281569325478904,-0.3810128234681185,0.1460783163428636,-0.1420182347732717
2000,9,-0.2571394492767105,0.01845959656636187,-0.35745634944894245,0.2514388640726324,-0.06458215150483715,-0.1222389415498577,-0.5802427291465083,-0.21418858014733644,0.2718718506259834,-0.12151577255200285
1960,10,-0.06704163406849406,NA,NA,NA,NA,NA,NA,NA,NA,NA
1970,10,-0.06468552263013794,-0.13459841440341835,-0.33414578741679213,0.347826156254868,0.04746534626123973,0.20860485817760915,-0.21190934733970485,0.15644818712001374,0.28000304590075853,0.10106166519446314
1980,10,-0.01696351789041084,-0.19911604649598907,-0.17061027549652819,-0.17739977230957027,0.022885394604930193,0.19587882810790835,-0.01964643204430802,0.107973834553386,0.019594581045217163,0.2683694936982155
1990,10,0.06253334546575329,0.15467598156675555,0.31632288686510046,-0.13065676645610114,-0.015231118490055179,-0.15924104837254005,0.03231836822003323,-0.1546895366590917,-0.1339289011680529,0.02388730268232786
2000,10,0.08615732912328977,0.1790384793326517,0.18843317604821985,-0.039769617489196385,-0.05511962237611476,-0.2452426379129774,0.19923741116397964,-0.10973248501430799,-0.1656687257779228,-0.39331846157500605
1960,11,0.11220982113150696,NA,NA,NA,NA,NA,NA,NA,NA,NA
1970,11,0.018772438569862604,0.6494195735273663,0.033284346775349916,0.1665168591941159,0.06524667806702505,-0.13081861424116903,-0.13972473469579072,0.18023374973609751,-0.18602093150444216,0.6764361887106911
1980,11,-0.13230329869041207,-0.6240152970297435,0.10805733422453079,-0.1214827275767646,0.02530313177060392,0.008128146524803648,-0.09324556106491666,0.6189611293116858,-0.09480266048394648,-0.38466294096744225
1990,11,-0.14321867233424684,-0.31944140345431193,-0.06839258103983187,-0.04701591775394262,-0.02096531064583934,0.0075695854406311325,0.09524958152470364,-0.08306080583915931,0.12816350528043302,-0.8127001947001632
2000,11,0.1445397113232893,0.29403712695668893,-0.07294909996004895,0.0019817861365912792,-0.06958449919178972,0.11512088227573414,0.13772071423600352,-0.7161340732086238,0.15266008670795556,0.5209269469569143
1960,12,-0.3917862472684941,NA,NA,NA,NA,NA,NA,NA,NA,NA
1970,12,-0.5672059048301381,-0.6152383183696681,0.2813522441129567,0.12309493832650692,-1.7962094879638295,0.7284727600803149,-0.24580619492441103,-0.2295924200901155,-1.8200514894532256,-0.01542520152968141
1980,12,-0.39426560109041175,-0.03725694611066532,0.09264068523744787,0.2494053882282004,-0.5616182692727074,0.22601767536496398,-0.20583271102682243,-0.19460697090094453,0.6141251256155055,0.2507199684369814
1990,12,0.3330402612657537,0.2983246136599784,-0.35009680344016486,-0.13076252633829266,0.6260387165908501,-0.36327874034881297,0.3514929454138161,0.15141757970363234,0.6559698405630852,0.09095549867501695
2000,12,1.0202174919232905,0.3541706508203548,-0.02389612591023965,-0.24173780021641467,1.7317890406456886,-0.5912116950964659,0.1001459605374172,0.27278181128742773,0.5499565232746348,-0.32625026558231696
1960,13,-8.483210684936196e-4,NA,NA,NA,NA,NA,NA,NA,NA,NA
1970,13,-0.0751687256301384,-0.027982907277863567,0.1510114844948922,0.43299185970984744,0.0231714423168954,0.2744668476836289,0.015272060437878543,-0.1899585057701354,0.016385991765642094,0.012814038888293133
1980,13,0.021082681109588462,-0.18069388664518093,-0.09095758906326673,-0.18055854894049012,0.011257125801734269,-0.08149168260474471,-0.011565837972683735,-0.2450557574843828,-0.04908670369569951,0.26483958864596846
1990,13,0.06448940646575388,0.09394189596051161,0.0035517808998883627,-0.13033335163394544,-0.008998529651978504,-0.01885399015152539,0.00657023565522985,-0.2352246524378243,0.054233973460399265,0.07683587846602968
2000,13,-0.00955504087671031,0.11473489796253278,-0.06360567633151376,-0.12209995913541186,-0.025430038466651123,-0.1741211749273588,-0.01027645812042488,0.6702389156923423,-0.021533261530341796,-0.3544895060002914
1960,14,0.11034506553150686,NA,NA,NA,NA,NA,NA,NA,NA,NA
1970,14,0.05109016296986263,-0.1789394044006023,0.07976787932731211,0.3701972831502154,0.07950561483982899,0.08148344044197892,-0.3038600319937922,0.02859910679143418,-0.06631129330567243,0.10106166519446314
1980,14,0.031493894709588244,-0.12454262557167284,-0.033261948157062404,0.05884625949508171,0.029729791706814113,-0.014610335785821549,-0.031947533091248065,0.19111891464807304,-0.043950410000617945,0.2683694936982155
1990,14,-0.1401320679342472,0.10890614867469373,-0.046201949922061114,-0.05729677047588111,-0.025352958910270895,-0.14345186197022047,-0.0074862322324474595,0.011432701607056409,0.046384672630285007,0.02388730268232786
2000,14,-0.05279705527671047,0.19457588129758174,-3.03981248188645e-4,-0.371746772169416,-0.0838824476363722,0.07657875731406308,0.3432937973174877,-0.23115072304656364,0.06387703067600548,-0.39331846157500605
1960,15,-0.051760986468493586,NA,NA,NA,NA,NA,NA,NA,NA,NA
1970,15,0.035246800969862546,0.18241659442219738,0.08911130295584724,0.09897797052975821,0.08305131367441171,-0.4425938785542093,-0.24412227865278197,-0.17260439569570912,0.3835691211218628,0.10106166519446314
1980,15,-0.0622356892904119,0.08384444606750874,-0.08745380520256596,-0.02969426984029755,0.032215080302593485,-0.049906163975552364,-0.06816332740974837,2.4186591441155425e-5,0.09399355361576167,0.2683694936982155
1990,15,0.01886878606575304,-0.18661907545767703,-0.17140382654443131,-0.3042508884989199,-0.025670280652882516,-0.0389867636782292,0.1366514718067647,0.09654407188424274,-0.17044869689494102,0.02388730268232786
2000,15,0.05988108872328968,-0.07964196503202903,0.16974632879115004,0.23496718780945924,-0.0895961133241227,0.5314868062079908,0.17563413425576568,0.0760361372200252,-0.3071139778426839,-0.39331846157500605
1960,16,-0.11375617086849346,NA,NA,NA,NA,NA,NA,NA,NA,NA
1970,16,-0.12043008143013748,-0.39444651178156565,0.020437139286114347,0.5024138158981828,0.071570061430064,0.44791407760214375,0.019197029889512718,0.997948530216069,-0.12589507563577312,-0.470782953269518
1980,16,0.005805790309587694,0.0361618366173182,0.15874540740933368,0.0727567635738175,0.027134656153682157,0.06519579125651023,0.18886245054495523,-0.49465261382321957,0.06601227609316015,-0.24699664392981693
1990,16,-0.019504138334246163,0.0954798463170512,-0.10272966287469831,-0.1569028319038564,-0.022556584292806492,-0.05451850072389944,0.01626843929366556,-0.4152017633217774,0.005270414840239223,0.5251338201013729
2000,16,0.24788460032328938,0.2628048288471967,-0.07645288382074944,-0.41826774756814367,-0.07614813329093967,-0.4585913681347545,-0.2243279197281336,-0.08809415307107193,0.05461238470237374,0.19264577709796207
1960,17,0.02089174693150664,NA,NA,NA,NA,NA,NA,NA,NA,NA
1970,17,-0.1438210006301377,0.47284385564582043,-0.10079378229412861,0.008762993605700875,0.06506595029404016,-0.11251318062314941,-0.03488156403168121,-0.06923038648917856,-0.09685368845118955,-0.37194561180660757
1980,17,0.24490706510958837,0.32428472527393926,-0.22970742994701276,0.10680408822188348,0.02315004945238916,-0.11996799245617362,0.15388810966739588,0.29541136232406573,-0.09342937923380172,-0.6423460097814583
1990,17,0.046515814465752925,-0.13504562073955884,0.11427135089802917,0.0017917046874814657,-0.021175071419451574,0.023630202166923353,-0.04147893795917977,0.21910269901205714,0.04909517077541298,0.6945692626092193
2000,17,-0.16849362587671024,-0.6620829601802012,0.21622986134311223,-0.1173587865150656,-0.06704092832697783,0.2088509709124,-0.0775276076765349,-0.44528367484694453,0.1411878969095783,0.31972235897884665
1960,18,0.19907970373150655,NA,NA,NA,NA,NA,NA,NA,NA,NA
1970,18,0.12787981516986272,-0.0321707956688454,0.15615036749058647,0.7995456656907416,0.07531782645837498,0.003339307343806386,0.07127587290359094,-0.21132223830853603,-0.051444381903793523,-0.3366465612841396
1980,18,-0.030012353090412697,-0.05139765130035656,0.12347398321161368,0.33404432934223943,0.029600423736886095,-0.20851076038304078,0.09620509228038751,-0.203443622960511,0.12359873274321052,-0.2964153146612721
1990,18,-0.17750161073424628,-0.03210139035380244,-0.05577895914130959,-1.0293529590859587,-0.022456922788954226,-0.04268240827389502,-0.06513237385829862,0.18129114219021875,-0.2942161937482376,0.3203993270710585
2000,18,-0.11944555507671026,0.11566983732300407,-0.22384539156089067,-0.10423703594702255,-0.0824613274063068,0.24785386131312945,-0.10234859132567992,0.23347471907882833,0.22206184290882053,0.3126625488743532
1960,19,-0.19814272306849467,NA,NA,NA,NA,NA,NA,NA,NA,NA
1970,19,-0.0514542596301375,0.31727337448639026,-1.0164492978905677,-0.19069666920564443,0.08374708126315111,-0.34751305552967104,-0.15849078181936005,-0.07295601671811136,0.26969225372487093,0.10106166519446314
1980,19,-4.690598904115717e-4,0.22524515277568424,-0.442737488677613,-0.12094160988358471,0.03160747408376724,-0.18826162478177466,-0.021221452140640418,-0.08979817595575523,-0.002007385096445602,0.2683694936982155
1990,19,0.15362283546575384,0.08621748763983184,0.5244476481907197,0.0636798809515402,-0.02643520840046082,0.06333700571387064,0.0818503591104785,-0.07167677259659572,-0.08849512531980164,0.02388730268232786
2000,19,0.09644320712328991,-0.628736014901906,0.9347391383774608,0.24795839813768894,-0.08891934694645764,0.4724376745975751,0.09786187484952186,0.23443096527046225,-0.17918974330862358,-0.39331846157500605
1960,20,-0.19852484986849328,NA,NA,NA,NA,NA,NA,NA,NA,NA
1970,20,-0.029247084430137793,0.03985623399968474,-0.19469518976090638,0.17931960459745233,0.0396335122217895,-0.029116120756023225,-0.1609770230576254,0.27331767017778025,0.26971016114954827,-0.23427931476898245
1980,20,4.209930958820607e-5,-0.0029409394615500517,-0.26474526855401936,-0.12283249017021713,0.024769371512468927,0.035702979660713494,0.01405250515135148,-0.1234745152266594,0.02493585706254764,0.3142582593774238
1990,20,0.12669729966575316,-0.01736612821456307,0.114738522079456,-0.1110400458104781,-0.011007048343245854,-0.15497008929935935,0.10788436393268341,-0.17248648692851043,-0.1411868833583636,0.1262545491974849
2000,20,0.10103253532328926,-0.0195491663235714,0.34470193623546985,0.054552931383242687,-0.05339583539101256,0.1483832303946691,0.0390401539735904,0.022643331977389613,-0.1534591348537322,-0.20623349380592604
1960,21,-0.40687577606849334,NA,NA,NA,NA,NA,NA,NA,NA,NA
1970,21,0.24638912836986204,2.100377961573958,-0.14704372925537723,0.024564282108950453,0.05861531800587855,-0.46113516452756376,6.348680996320612,0.8717698645440531,-0.09854487176769622,-0.3613558966498672
1980,21,0.09623858610958802,-0.5340190385708472,0.3397742402122011,-0.767495578708265,0.019031861353672658,-0.2033237642311559,-1.1859379031875155,-0.803873025952825,-0.04855697246234647,0.4413348412583084
1990,21,0.030588248465753587,-0.8479089786290321,-0.10576627555397233,0.6153743052816955,-0.023431042184413664,0.73859407570983,-2.7167132513760546,-0.39137734292173043,0.02229047020091246,-0.1843770954002334
2000,21,0.033659813123289695,-0.7184499443740786,-0.08696423540285159,0.12755699131761922,-0.05421613717513757,-0.0741351469511104,-2.446029841757041,0.323480504330502,0.1248113740291299,0.10439815079179227
1960,22,-0.3679933862684941,NA,NA,NA,NA,NA,NA,NA,NA,NA
1970,22,0.04936301916986241,0.3560629758768722,-0.2596319839792252,-0.36274925648703005,0.07897869926715292,-0.24071329847605039,-0.17979408946445985,0.11198058273397327,0.21925589143263302,-0.5343212442099602
1980,22,0.16040356290958857,0.509232132529616,-0.21382360977850315,0.08077651650762929,0.028990394939531317,-0.16573883424394753,-0.058586004582139584,-0.09177904055609365,0.015641185534294277,-0.2822956944522851
1990,22,0.0954577862657533,-0.392881407727193,0.1161400356237362,-0.07308077983227812,-0.023922810449025028,-0.06924924400666954,0.1403786950352337,-0.025140428282138028,-0.09667878546758413,0.5321936302058663
2000,22,0.0627690179232896,-0.47241370067929517,0.35731555813399213,0.3550535198116793,-0.08404628375765918,0.4757013767266675,0.09800139901136584,0.0049388861042583,-0.13821829149934262,0.2844233084563788
1960,23,0.13285913633150626,NA,NA,NA,NA,NA,NA,NA,NA,NA
1970,23,0.08676690676986298,0.01779800177140367,0.2519204596830711,-0.30740170463446803,0.0663509508259214,-0.047712085383405406,0.20051208306939855,0.07063621946444432,-0.28475131180550883,-0.13544197330607233
1980,23,0.10849534450958787,0.016132554279102207,0.11459773076450519,0.09896839055551554,0.022844540862868717,-0.09163240844192047,0.24687418537977526,-0.14833722682951322,-0.014285239290689478,0.03186585519767987
1990,23,-0.12005164713424732,-0.025558394479332947,-0.06932692340268543,0.03139744980091974,-0.02174965506627574,0.017710065813838466,-0.15249769917925948,-0.14256879435818426,0.10286803495988839,-0.22673595602719476
2000,23,-0.2080697404767099,-0.008372161571172487,-0.29719126704489107,0.17703586427803286,-0.06744583662251435,0.12163442801148748,-0.29488856926991436,0.22026980172325317,0.1961685161363098,0.3303120741355872
1960,24,0.24238250573150677,NA,NA,NA,NA,NA,NA,NA,NA,NA
1970,24,0.034887667169862135,-0.14895900192353195,0.23276644124457424,0.11140862712029054,0.07589714333419578,0.05176402230032101,0.02735502343876317,0.08031034253261898,-0.35082690604023026,-0.3613558966498673
1980,24,0.022214687909588138,-0.13210382744725158,0.07301949561752408,-0.006355654514388354,0.027972071548540145,-0.05455882679248453,0.42466743052142275,0.15034302789328918,-0.13807404039396587,-0.17992844793712787
1990,24,-0.03149315673424691,-0.19881381816708688,-0.18284952048938674,-0.1271783855222346,-0.024164497279064168,0.20980817251555006,-0.07443267412710453,0.025147028127221513,0.18090845618475832,0.3945273331682413
2000,24,-0.2679917040767099,0.4798766475378704,-0.12293641637271169,0.022125412916332188,-0.07970471760367182,-0.2070133680233866,-0.3775897798330815,-0.2558003985531297,0.3079924902494378,0.1467570114187539
1960,25,-0.06900625466849353,NA,NA,NA,NA,NA,NA,NA,NA,NA
1970,25,-0.0949127922301376,-0.02263501945815416,0.0435621127667386,-0.10970312480135991,-1.32972260786733,0.28878987301827314,0.16982579816571142,-0.36939624499337553,-0.21967976948302226,0.17871957634389246
1980,25,-0.17172388049041243,-0.184318850953351,-0.007801118769304449,0.03946363414273882,-0.5546584458842205,0.01497190493676026,0.011490689728547832,-0.16476561672326395,-0.0815780545901611,0.2471900633847346
1990,25,0.09500397686575357,0.06195315083039521,0.08390522410529011,0.04920280778717373,0.3875407131995843,-0.027541378284102302,-0.018085061473207098,0.05730518696154263,0.062059326798768244,-0.03965098825811464
2000,25,0.24063895052328976,0.14500071958111027,-0.11966621810272438,0.021036682871447387,1.496840340551966,-0.27622039967093104,-0.16323142642105204,0.47685667475509685,0.2391984972744151,-0.3862586514705125
1960,26,-0.18569417766849372,NA,NA,NA,NA,NA,NA,NA,NA,NA
1970,26,-0.2977631002301375,-0.7784044159425867,0.05430704993955404,-0.23972185072491425,-0.22577577020343742,-0.032244807462909475,-0.22343228369175872,-0.10871781444049847,-0.5270995293189533,0.18577938644838587
1980,26,-0.03685949949041212,-0.3856112011221647,0.05152962127189353,0.1775670356198324,-0.11119836441025333,-0.0026328386731256925,0.11762957644537053,-0.22528182399485772,-0.15777407693268264,0.16953215223530504
1990,26,0.22470533486575328,0.6597875711965352,-0.0968900231068639,0.0469911009555839,0.07292898606697773,0.052741212264020065,0.15358155874369706,0.38179534475752663,0.1982347577641852,-0.0749500387805826
2000,26,0.2956114425232903,0.5042280458682162,-0.008946648104583566,0.015163714149497937,0.2640451485467131,-0.01786356612798501,-0.04777885149730898,-0.047795706322170506,0.48663884848745104,-0.28036149990310877
1960,27,0.04004913753150596,NA,NA,NA,NA,NA,NA,NA,NA,NA
1970,27,0.30779962696986196,-1.0028967733013434,0.005020490299031288,-0.755989590384476,-0.02966965463363537,-0.49483880886927323,-0.21879126844155664,-0.38120091594641947,-0.2459967786535302,-0.333116656231893
1980,27,0.04153641270958808,-0.15934378652177172,-0.018312470351406263,0.40295747337131615,-0.030974943926104503,-0.6651516125900752,0.5566357782122068,0.5021219441100904,-0.11233123655098365,-0.024612625638268604
1990,27,-0.2540660419342462,1.2818297881132055,-0.05274234646203557,1.0886169932440741,-0.005956488118529141,0.04666101263724015,0.054321495023883476,0.30337691164986114,0.04641321254878672,0.2392115108693822
2000,27,-0.1353191352767098,-0.11958922829009055,0.06603432651441055,-0.7355848762309147,0.06660108667826901,1.1133294088221082,-0.39216600479453356,-0.42429793981353203,0.31191480265572713,0.11851777100077943
1960,28,-0.276368469268494,NA,NA,NA,NA,NA,NA,NA,NA,NA
1970,28,-0.18209301783013743,-0.2395684619749932,-0.0984579263869948,-0.6137424290092814,0.08320569092604835,-0.2445545192821049,-0.6375591860893886,0.10373879617656245,0.34087124741648733,0.10106166519446314
1980,28,-0.10183346509041158,0.14081170213574418,-0.25446750256263073,0.5811022181085118,0.03063892832630072,-0.1859627101674113,-0.32202096588333956,0.20637968256102696,0.04073772373187323,0.2683694936982155
1990,28,0.06383567026575321,0.1175617865745005,0.06428403448536646,-0.181896338946278,-0.025326399709487912,-0.0784054393702667,0.11650004775048683,0.05204918513361306,-0.14999548463713674,0.02388730268232786
2000,28,0.4964592819232898,-0.018805026735251584,0.28864139446425907,0.21453654984704773,-0.08851821954286115,0.5089226688197829,0.8430801042222412,-0.3621676638712025,-0.23161348651122393,-0.39331846157500605
1960,29,-0.23348075606849283,NA,NA,NA,NA,NA,NA,NA,NA,NA
1970,29,0.011825488369862303,0.25537429520814614,-0.05804761919358048,0.2376998743951586,0.07682933144287624,-0.06592406799776007,-0.20864792480574784,-0.18371719687818588,0.4174172086248015,0.17165976623939905
1980,29,-0.024955477890411526,0.006853923091452829,0.054099062769740525,-0.0183296000070452,0.02913603800828196,-0.08872921417114138,0.03639059822996868,0.8814141203092563,-0.01694262436125027,0.24013025328024096
1990,29,0.06529136846575279,-0.5061398275047729,0.1476740903700421,-0.7259123753464587,-0.023894536282705825,-0.030076507803603214,0.15070154669616784,0.033111056847866305,-0.218300621003364,-0.004351937735646683
2000,29,0.18131937712328972,0.24391160920517385,-0.14372553394620208,0.5065421009583455,-0.08207083316845237,0.1847297899725046,0.02155577987961141,-0.7308079802789363,-0.1821739632601872,-0.4074380817839932
1960,30,-0.25248216966849424,NA,NA,NA,NA,NA,NA,NA,NA,NA
1970,30,-0.04417614623013688,0.4785243207092512,-0.21431637938082992,0.09499142450593245,0.05473323361377937,-0.28858578261630535,-0.15905306259202667,0.3106692696978961,0.21897968849988125,0.10106166519446314
1980,30,0.023414204509587533,-0.026809039711255367,-0.14982115792303774,0.06702952923745742,0.028744202530787938,-0.2044907343876542,0.007675830332623423,-0.030551083810082202,0.023540535710257493,0.2683694936982155
1990,30,0.159699136865753,-0.14892877136762261,0.114738522079456,-0.2413184861784714,-0.010794290174116719,0.029096850441652944,0.08290582155248838,-0.18371892643380894,-0.12695600279753128,0.02388730268232786
2000,30,0.11354497452329038,-0.302786509630373,0.24939901522441177,0.07929753243508153,-0.07268314597045061,0.4639796665623067,0.06847141070691465,-0.09639925945400507,-0.11556422141260725,-0.39331846157500605
1960,31,0.26823763313150695,NA,NA,NA,NA,NA,NA,NA,NA,NA
1970,31,0.240087419569862,0.4469209753223921,-0.05781403360286702,0.3194942509370618,0.08249751070511441,0.07921340478311092,-0.24660199166638974,-0.8598024660959473,0.1730774141971807,0.12577100056019064
1980,31,-0.18435754469041257,0.06966406350314674,-0.12506108530741972,0.05880846585487853,0.03138994853809757,-0.17623366726310527,-0.18618692367380996,0.09317375238816153,0.05878590008311446,0.293078829063943
1990,31,-0.0773837483342458,-0.4495260271701069,-0.08848094184118238,-0.1786044577638759,-0.02580680063616425,-0.06974128653156023,0.062375424767890486,0.4094943419784722,-0.09501976940279,0.04859663804805536
2000,31,-0.24658375967671056,-0.06705901165543193,0.2713560607514692,-0.19969825902806448,-0.08808065860704783,0.16676154901155454,0.3704134905723091,0.3571343717293138,-0.13684354487750516,-0.4674464676721889
1960,32,-0.6470392456684935,NA,NA,NA,NA,NA,NA,NA,NA,NA
1970,32,-0.004665264230137911,-0.339219353252056,-0.09355262898201389,-0.005245170006216382,-0.03255513536972654,-0.4713339211570186,-0.0071296858566428645,0.4373509424562019,0.06262524203070585,0.10106166519446314
1980,32,0.07271889350958771,0.11704355589437498,-0.2888045843974971,0.30700347107032866,-0.008363591910561019,-0.34830758302743386,0.056568954435766705,-0.12713251542879256,0.0028103960662805294,0.2683694936982155
1990,32,0.3326174008657534,0.05515637665917983,0.077598413156029,-0.1112471079863524,0.026951304503177176,-0.021725385067619785,0.09134542904349974,-0.23766942169258543,-0.03021907513707256,0.02388730268232786
2000,32,0.2463682155232898,0.1670194206985014,0.30475880022348223,-0.19051119307775943,0.013967422777110383,0.8413668892520723,-0.14078469762262336,-0.07254900533482367,-0.03521656295991393,-0.39331846157500605
1960,33,0.4628277753315057,NA,NA,NA,NA,NA,NA,NA,NA,NA
1970,33,0.1858243277698623,-0.8318570198459975,-0.1909578203094921,1.0665144519786618,0.07748613099280988,0.36202883212286197,-1.0256228289890066,0.1071981560248112,0.005295756101530935,-0.11426254299259142
1980,33,0.01778582650958889,-0.18436056804292622,-0.14982115792303768,-0.9333626627959903,0.02897712861874019,-0.09090885219714606,-0.16932908340527708,0.9687191713748389,-0.04572301453575468,-0.03167243574276224
1990,33,-0.28986428113424695,0.565354611040428,-0.12258443808533548,-0.6481141310402274,-0.02537526674184276,0.02244181209724823,0.6093421089235453,-0.3777335024864823,-0.042472385305369925,-0.17731728529573965
2000,33,-0.37657364847671,0.45086297684849586,0.4633634163178653,0.5149623418575557,-0.08108799286970725,-0.2935617920229642,0.5856098034707384,-0.6981838249131709,0.08289964373959363,0.32325226403109353
1960,34,0.3814887437315062,NA,NA,NA,NA,NA,NA,NA,NA,NA
1970,34,0.07287324616986224,-0.18897431241102158,0.23463512597028113,-0.34956725657753474,0.03375480007203069,0.08213763780410915,0.18729605083683565,-0.41580525144816305,-0.1683923276712166,0.7893931503825884
1980,34,-0.0578478690904114,0.29220446688529966,0.12067095612305312,0.459356153352797,0.003921203262217565,0.007907991805562398,0.360015249442285,0.08073861828848494,-0.015943516970264415,-0.0881509165787111
1990,34,-0.07282523573424671,0.1037157311005441,-0.02214263407858319,0.41467507338206744,-0.014266856352257745,0.11848891819631946,-0.229990941832177,-0.10376482743654714,0.123388032450782,-0.3185134873856117
2000,34,-0.3236888850767099,-0.20694588557482207,-0.3331634480147513,-0.5244639701573304,-0.02340914698199048,-0.20853454780599107,-0.3173203584469437,0.43883146059622546,0.06094781219069889,-0.38272874641826604
1960,35,-0.15350451626849382,NA,NA,NA,NA,NA,NA,NA,NA,NA
1970,35,-0.2357949508301378,-1.2343371681738944,0.2967688931000396,-0.057143890422927,0.08290033789756096,-0.07546571973720284,-1.1310524070224799,-1.4062642952066946,-0.23136826562119583,1.4953741608319477
1980,35,0.07950266790958849,-0.2777677430747464,0.1407593169244037,0.2512563659080235,0.031008004465809424,-0.24340404206718613,0.26359725756147623,-0.5629199594083725,-0.06078075735416899,-0.681174965356173
1990,35,0.08253226326575347,0.02531429185043195,-0.11884706863392136,0.4506106181429787,-0.026248578793644728,0.047250026444472515,0.46924699603310627,0.9101693372408519,0.08332331388871284,-0.8409394351181374
2000,35,0.22726453592328943,1.4867906193982088,-0.3186811413905217,-0.6447230936280752,-0.08765976356972571,0.2716197353599162,0.3982081534278976,1.0590149173742143,0.20882570908665188,0.026740239642362607
1960,36,0.13693801493150604,NA,NA,NA,NA,NA,NA,NA,NA,NA
1970,36,-0.10289807763013803,-0.30413425707298813,0.30868175822642185,-0.4688227995301173,0.06781216596374018,0.4947498032351822,-0.07281188787552226,0.09497124203122032,0.011923674059305167,-0.2201596945599955
1980,36,0.06715724410958801,0.6799488850298593,0.14986915496222508,0.11979191941043732,0.0222203123785239,-0.05072547954226825,0.3647556581888674,-0.052663667089888566,-0.03360613591803663,-0.052851866056243146
1990,36,-0.06069702453424641,-0.027258934313753924,-0.11440894241036714,1.039793002345923,-0.02469613659530806,-0.40295879583546285,0.039761986569030155,-0.15097422562377782,0.12712692262324876,-0.2973340570721308
2000,36,-0.04050015687671005,-0.3485556936431171,-0.34414197077828,-0.6907621222262431,-0.06533634174695596,-0.041065527857451045,-0.33170575688237525,0.1086666506824463,-0.10544446076451708,0.5703456176883692
1960,37,-0.4737316506684941,NA,NA,NA,NA,NA,NA,NA,NA,NA
1970,37,-0.4184361112301378,-0.7653775200797023,-0.09004884512131314,-0.0035524127529121263,0.05375278933436206,0.1369204695154158,-0.619924265041726,0.07187675476722845,-0.21989819472241895,0.6693763786061973
1980,37,0.021106002509588606,-0.41577812715030954,-0.12272522940028605,-0.15153118791878295,0.019109806916713323,-0.01336295900200396,-0.6033853218346891,0.04950044003007771,0.028436854209725693,0.07422471582464163
1990,37,0.2763056198657541,0.29411463677878125,0.030647709422640085,0.0674614737660974,-0.018591578281691362,-0.04078671291821562,-0.12945557756031234,0.08018239664929079,0.09437911901743767,-0.12789861456428475
2000,37,0.5947561395232892,0.8870410104512304,0.18212636509895905,0.08762212690559751,-0.054271017969383994,-0.08277079759519634,1.3527651644367271,-0.20155959144659696,0.09708222149525564,-0.6157024798665542
1960,38,0.39099406353150656,NA,NA,NA,NA,NA,NA,NA,NA,NA
1970,38,-0.06373513103013795,-0.05738495085425466,0.3535301916433904,-0.30933795166866196,0.0724716704132145,-0.2911112873644166,0.014282545324734053,-0.009148027914887086,-0.05740181315459614,-0.3084073208661654
1980,38,-0.09426982229041214,-0.008140678027537596,0.1863085071135122,-0.18731522260146696,0.026878928991857703,-0.332401946413197,-0.014437075038137265,0.1308875050254077,-0.1380548474444261,-0.14109949236241304
1990,38,-0.11948721293424636,0.08261778973492839,-0.14524224038453304,-0.13237792286199934,-0.02332907761843639,0.06766763334555032,0.11856595014147472,0.06801055042494998,0.10466555208031303,-0.3855816833783007
2000,38,-0.1135018972767099,-0.01709216085313614,-0.39459645837236934,0.6290310971321282,-0.07602152178663579,0.5558456004320633,-0.11841142042807151,-0.18975002753547057,0.09079110851870897,0.835088496606879
1960,39,-0.18365728546849347,NA,NA,NA,NA,NA,NA,NA,NA,NA
1970,39,-0.3253067180301379,0.34592313823023435,-0.09191752984702023,0.5947162144172456,0.08413587760924124,-0.22473783444443662,-0.07625762449602336,0.015006285065180092,0.1201796593482724,0.037523374254020636
1980,39,-0.16597354929041153,-0.07879463651041185,-0.08722021961185261,-0.07996680924497485,0.031922534500140765,-0.1361832529179723,-9.085525237526593e-4,0.11103384930537252,-0.029965789142164412,0.20483120275777278
1990,39,0.21781023106575326,-0.21229036080370267,-0.0011199309143792302,-0.2710678806764228,-0.02641873410763229,0.01426056085836791,-0.08988123080641941,-0.04442609678323628,-0.05417722344090009,0.07330597341378287
2000,39,0.4571273217232896,-0.054838140916119826,0.18025768037325202,-0.24368152449584818,-0.08963967800174982,0.34666052650404117,0.16704740782619476,-0.081614037587316,-0.036036646765208014,-0.3156605504255767
1960,40,-0.04210943126849359,NA,NA,NA,NA,NA,NA,NA,NA,NA
1970,40,-0.005572852830138697,0.10858185877685494,-0.11527608891835789,0.34687911042106767,-0.08898567795270111,-0.12191218956624678,-0.0392730808168853,-0.11850528645616287,-0.02329955142230722,-0.3754755168588545
1980,40,0.11200178590958848,-0.056501834408792556,-0.05358389454912632,0.39787002281356154,-0.038717779980816824,-0.030608105362695592,-0.07448912606418479,-0.04417568227534385,-0.05792855130715052,-0.08109110647421758
1990,40,-0.02103446373424661,-0.032847253195392376,-0.10856930264253284,-0.2749479718176979,0.03422672328622453,-0.057038744982989886,-0.0014125850057497003,0.01838176314137152,0.020619628573902538,0.05565644815254889
2000,40,-0.04328503807670964,-0.019232771172670027,0.277429286110017,-0.4698011614169313,0.09347673464729342,0.2095590399119324,0.11517479188681978,0.14429920559013487,0.0606084741555552,0.40091017518052324
1960,41,0.22770065233150683,NA,NA,NA,NA,NA,NA,NA,NA,NA
1970,41,0.1211910327698622,-0.11051760406722422,0.3666109847233394,-0.21769810418133834,0.06371864756837942,2.7823286723941845,-0.12012239868413571,-0.32039004264414633,0.026113326634561007,-0.23427931476898278
1980,41,0.012189705509588089,-0.19479725999937436,0.20966706618484987,0.3781663791920242,0.024146444428962466,1.324380403903258,0.19575237210267218,-0.0020525442522265624,0.1497976788036306,-0.06697148626523042
1990,41,-0.07679926013424665,0.09556902733310912,-0.15178263692450766,-1.513435879197022,-0.013979068440916731,-1.9054595609114795,0.060053838751846056,0.09599849606263577,0.06030317824841247,-0.2549751964451692
2000,41,-0.28428213047671025,0.20974583673349012,-0.42449541398368185,1.352967604186336,-0.07388602355642515,-2.201249515385962,-0.13568381217038256,0.2264440908337373,-0.23621418368660319,0.5562259974793824
1960,42,0.22171948473150627,NA,NA,NA,NA,NA,NA,NA,NA,NA
1970,42,0.01815272016986258,-0.7737927508516534,0.26897220780514774,-0.7750972831810743,0.055149998695379676,0.6165654231770306,-0.16224790218049956,0.07331908885582766,-0.33242958113601695,-0.6402183957773644
1980,42,-0.21193919509041192,-0.38442605496053595,0.09334144200958794,-0.055970316165601164,0.015970947610981195,-0.08680824597925973,-0.12533112806718838,-0.08407631503902323,-0.191645610382694,-0.4446713268556375
1990,42,-0.04655112873424683,0.48348199188043345,-0.11487611359179395,0.33204307761458685,-0.01988143914731591,-0.26630886499872763,0.09310091322074854,-0.08913080897001846,0.13436905929477372,0.20038255529466742
2000,42,0.01861811892328946,0.6747368139317557,-0.24743753622294173,0.49902452173208867,-0.05123950715904507,-0.2634483121990435,0.19447811702693962,0.0998880351532141,0.3897061322239377,0.8845071673383342
1960,43,-0.07468492866849408,NA,NA,NA,NA,NA,NA,NA,NA,NA
1970,43,0.0146836267698629,0.4181050745391509,-0.9447385215415607,0.2118582272596583,0.07123012073381413,-0.4246455312755981,-0.4977028882534979,0.21563301225080797,0.3805147799051951,0.10106166519446314
1980,43,-0.039132057490412375,0.027265682556655624,0.3643007272371057,-0.04505097380365708,0.02953132238770617,-0.0635424094532705,-0.0612423695554708,-0.17161639852144253,0.022993658234929937,0.2683694936982155
1990,43,0.029719604865754423,-0.22644809375679997,0.2625982010010237,-0.2319353582303858,-0.021395527962636218,-0.03869333241399066,0.16743354487150908,-0.07884053878088143,-0.14715340067357396,0.02388730268232786
2000,43,0.06941375452328957,-0.2189226633390069,0.3178395933034315,0.06512810477438413,-0.07936591515888408,0.5268812731428593,0.39151171293745957,0.034823925051515964,-0.25635503746655086,-0.39331846157500605
1960,44,0.17482699633150633,NA,NA,NA,NA,NA,NA,NA,NA,NA
1970,44,0.06139184176986201,0.011764445304184246,0.02137148164896785,0.306242966681449,0.08157441912270214,-0.0511041545455142,-0.15747949420616664,0.08996893458216135,0.38230187730832665,0.10106166519446314
1980,44,-0.09446224249041113,-0.15463259025779558,-0.14491586051805694,-0.16843879716565469,0.03149584386579074,0.008803566902599744,-0.05846940839558806,-0.011219575438768475,0.014082149107666142,0.2683694936982155
1990,44,-0.06572076113424719,0.062183417889241366,0.3635071761892026,-0.3401058371837353,-0.02563807382776162,-0.03785335748961011,0.08441912843165209,-0.09460908578868196,-0.19305183866611808,0.02388730268232786
2000,44,-0.07603583447671025,0.08068472706437008,-0.2399627973201135,0.20230166766794117,-0.0874321891607312,0.08015394513252456,0.13152977417010267,0.015859726645289035,-0.20333218774987483,-0.39331846157500605
1960,45,0.4107334121315066,NA,NA,NA,NA,NA,NA,NA,NA,NA
1970,45,0.44345002156986124,-0.09383356320509151,0.18067685451549104,-0.008851790489053601,0.07816961684827295,-0.31130467479691426,0.03135775911039318,-0.9029516409358426,-0.2917506172631317,-0.6649277311430919
1980,45,0.0714534003095885,-0.1947870773809015,0.18443982238780526,-0.013556385473603716,0.028942772395441685,-0.6183050870209175,0.14505458561728332,-1.122872363914567,-0.01811656060064376,-0.3846629409674418
1990,45,-0.30588200233424667,0.011539956156468523,-0.14430789802167943,-0.24554543042986632,-0.024711487813360633,1.329203954786435,-0.15512540457810442,1.6442875193026794,0.04216148154649657,0.09095549867501695
2000,45,-0.6197548316767097,0.2770806844295246,-0.22080877888161665,0.26795360639252375,-0.08240090143035406,-0.39959419296860327,-0.02128694014957222,0.3815364855477299,0.26770569631727875,0.9586351734355171
1960,46,0.5381641657315064,NA,NA,NA,NA,NA,NA,NA,NA,NA
1970,46,0.19774969216986227,-0.31960824438132285,0.3596034170019382,-0.37994605777976764,0.07073946985272145,0.332294208469265,-0.17871755117505272,0.1673934292278414,-0.031747563610081464,-0.19192045414202097
1980,46,0.0788803319095881,-0.10536697056926814,0.19518475956062042,-0.042326836017837044,0.024961443858359744,0.5031874669848535,0.033160023622746615,0.16311444015816856,0.011868352439318386,-0.024612625638268604
1990,46,-0.20686857073424703,0.30130309471713823,-0.14757809629166663,0.2083816158354439,-0.023415670098417607,-0.251401785473078,0.20545650404960403,-0.1280243087780062,0.01653011561108153,-0.26909481665415624
2000,46,-0.6079256190767102,0.12367212023345275,-0.4072100802708918,0.2138912779621609,-0.07228524361266347,-0.5840798899810405,-0.05989897649729814,-0.2024835606080031,0.0033490955596806593,0.48562789643444615
1960,47,-0.2159442406684946,NA,NA,NA,NA,NA,NA,NA,NA,NA
1970,47,-0.15717519223013743,0.26285830703833635,-0.9466072062672677,-0.017241499303534136,0.08302710306581224,-0.3996338434236537,-0.09986441360699286,0.010495761136202764,0.3868408490258184,0.10106166519446314
1980,47,-0.004464349490411523,0.3885999519003378,-0.3476681532572681,-0.08757205437856386,0.03180104133324496,0.00762659803691218,0.06731217861903084,0.02408986830889409,0.052962538310115104,0.2683694936982155
1990,47,0.12009231486575334,0.014402593640033823,-0.07469939198909326,-0.16249494858424662,-0.025978355999450142,0.001988748380508998,0.05004736157958638,-0.09406384532712292,-0.1564402146685746,0.02388730268232786
2000,47,0.25749146752329,-0.6658608525787074,1.3689747515136292,0.2673085022663442,-0.08884978839960711,0.3900184970062325,-0.017495126591624374,0.059478215882026286,-0.2833631726673591,-0.39331846157500605
1960,48,-0.2192414562684939,NA,NA,NA,NA,NA,NA,NA,NA,NA
1970,48,-0.06645445283013762,0.33825287676114074,-0.07790239440421753,-0.18036613594081397,-0.12997413017765,0.3373453518940743,0.12617724044096323,-3.717778300216246e-5,-0.29100926837278984,-0.13191206825382543
1980,48,-0.047649397090411494,-0.17848304843621632,0.2388652650240221,-0.13964167298695962,-0.06720294966483203,-0.0032382752639058543,0.08013798065841116,-0.22728015205738572,-0.07416453782314258,0.33190778463865767
1990,48,0.20071397926575374,-0.00803946666069888,-0.06745823867697842,0.4105895017898724,0.021510001522370092,-0.17340414799857873,0.04583445832592181,0.14105097661955587,0.14901235776283128,-0.5620769359906406
2000,48,0.13263132692328972,-0.1517303616642255,-0.09350463194282621,-0.09058169286209883,0.17566707832011197,-0.16070292863158964,-0.2521496794252963,0.08626635322083201,0.21616144843310137,0.3620812196058084
1960,49,-0.23013843206849388,NA,NA,NA,NA,NA,NA,NA,NA,NA
1970,49,-0.08105100063013708,-0.045864460239441796,-0.1928265050351992,0.3402884459837345,0.08118454143772297,0.21622903075862868,0.1866957777645477,0.13610241526870173,0.02778306638311978,0.39757368958319395
1980,49,0.09108138810958906,0.5462248355070027,-0.09189193142612015,0.13469653762313744,0.030618976675255483,-0.023048346307013967,0.41073931562304944,0.39795291168074354,0.01133681893810301,-0.6494058198859518
1990,49,0.07231326246575272,-0.5904115928429294,0.023172970519811903,-0.221342690002625,-0.025512369130455903,-0.027987029793684948,-0.4457133990147555,-0.032741072399573135,0.01465157496149061,-0.6114956067220959
2000,49,0.14779478212328917,0.09005121757536858,0.26154546594150746,-0.253642293604247,-0.08629114898252238,-0.1651936546579298,-0.15172169437284166,-0.5013142545498721,-0.05377146028271318,0.8633277370248537
1960,50,-0.011780498468494119,NA,NA,NA,NA,NA,NA,NA,NA,NA
1970,50,-0.13011246003013816,-0.48405080724246663,-0.023243366177287283,-0.3194024196237055,0.07787503547278879,0.17054931036355941,-0.2867606274183665,0.04240683658277,0.3299387247554556,-0.4990221936874927
1980,50,0.1393057557095883,-0.1617948483640309,0.010418557306339116,-0.18300909624022388,0.028704352347098894,-0.06462861249014218,-0.18867166374136934,-0.0804283618940762,0.07699652244868105,-0.23287702372082986
1990,50,0.10937776206575371,0.37750556439924815,-0.045501193149920904,0.1368463313145888,-0.025219954226921415,0.014965162643461094,-0.08039368514297185,-0.2801934166810358,-0.15199937725946866,-0.33616301264684545
2000,50,-0.10679055927670973,0.2683400912072493,0.0583260020208691,0.3655651845493406,-0.08135943359296638,-0.12088586051687822,0.5558259763027078,0.3182149419923419,-0.25493586994466805,1.0680622300551679
1960,51,0.1821484921315058,NA,NA,NA,NA,NA,NA,NA,NA,NA
1970,51,0.2819182815698625,1.0306500597403367,-0.14190484625968294,0.06916243117006904,0.04276616995413876,-0.048906672293835496,0.25730629006200467,0.015645451079952466,-0.33069510919456996,0.136360715716931
1980,51,0.13166326330958783,-0.6447509536481226,-0.05778843518196711,0.11198637038032533,0.014042679441965383,-0.2036194438592165,-8.364589716081117e-4,0.07679551531475642,-0.07721709450332365,-0.6847048704084198
1990,51,-0.2958515283342457,-0.3407972823267263,0.13108951342939226,-0.044741612958998145,-0.014185706611351212,-0.02449971396089312,-0.04575759911953858,-0.025707582598659517,0.12897824814153835,0.8357654646990909
2000,51,-0.29987850867671034,-0.04510182376548802,0.06860376801225779,-0.136407188591396,-0.04262314278475296,0.2770258301139451,-0.2107122319708581,-0.06673338379604932,0.27893395555635514,-0.28742131000760224
1960,52,0.08481348353150614,NA,NA,NA,NA,NA,NA,NA,NA,NA
1970,52,-0.02385123203013767,-0.10688009032667678,-0.07626729526922392,0.1934070701468661,-0.04372419179721368,0.2932616049183378,-0.20643237942577086,0.08189867369406995,0.01727691495682064,0.6164278028224953
1980,52,0.05417182370958801,-0.041964275692150055,0.021864251251294556,0.10185484687341873,-0.020748627198351757,-0.06999157132989664,-0.28758926796103146,0.22555843717917043,-0.05237700648404103,-0.8400206927072789
1990,52,-0.051931030934246725,0.0721778028544039,-0.0022878588679461354,-0.1636572767705794,0.013505312615881362,-0.2019417854630391,0.004722732291955967,-0.24969915772201162,-0.02808660849741458,-0.3644022530648201
2000,52,-0.06320304427670981,0.07666656316442283,0.056690902885875485,-0.1316046402497057,0.05096750637968407,-0.021328248125402016,0.48929891509484635,-0.05775795315122867,0.06318670002463499,0.5879951429496034
1960,53,-0.46363844326849313,NA,NA,NA,NA,NA,NA,NA,NA,NA
1970,53,-0.10669066983013809,-0.046319372509275425,-0.06972689872924936,-0.6888522202032896,0.08227717557541897,-0.14491364350292646,-0.07554287150377303,-0.3956213018155911,0.09625506387664773,-1.5509338992570378
1980,53,0.015038247909587077,-0.17681760659046192,-0.021115497439966824,0.5635976035533977,0.02745667508066077,-0.028125111145999748,-0.08434352354169328,-0.29696268955804384,-0.025134801902833348,-0.11286025194443872
1990,53,0.24972899526575387,-0.06984759114212785,-0.05274234646203557,0.03128596215714996,-0.023662896418905788,-0.10526938425966292,0.009094501289651002,0.14771160377261489,0.006397065295609239,1.026380337520418
2000,53,0.30556186992329015,0.2929845702418652,0.14358474263125187,0.09396865449274183,-0.08607095423717409,0.2783081389085892,0.1507918937558153,0.54487238760102,-0.07751732726942351,0.6374138136810584
1960,54,0.39117714273150583,NA,NA,NA,NA,NA,NA,NA,NA,NA
1970,54,0.14093616116986252,-0.10848858237493997,0.40655412073532693,-0.36139827165156724,0.07294640284760934,-0.21918591050380054,-0.30160718780980933,-0.7559555002625413,0.4257142216689127,0.2704971077023094
1980,54,0.0759976679095884,-0.18193396416412888,0.21690821949696448,0.7129666732609033,0.0250666486468325,0.009475938838013676,-0.15815831759667953,-0.21159755618066564,0.24014230178307594,0.24013025328024096
1990,54,-0.22008476673424648,0.14207729020736326,-0.15481924960378146,0.8524418035449642,-0.023897317410444985,0.8720322212429918,0.11009510746062318,0.2658727727870973,0.1183395749333811,-0.08906965898956964
2000,54,-0.38802620507671004,0.1483452563317047,-0.4686430906285102,-1.2040102051543005,-0.07411573408399691,-0.6623222495772041,0.3496703979458656,0.7016802836561096,-0.7841960983853706,-0.4215577019929806
1960,55,0.5802234535315065,NA,NA,NA,NA,NA,NA,NA,NA,NA
1970,55,0.12432515796986254,-0.14912564955649055,0.3205946233528041,-0.24339523917325934,0.07155272965446735,-0.5186083660718029,0.08633578527423325,0.19121686278971303,-0.2003886134417303,-0.20956997940325506
1980,55,-0.16543696629041205,-0.1448724241328978,0.1487012270086583,-0.09372299927851879,0.026030795062398027,0.05085872284689533,0.07804260575611988,-0.15097893764709375,-0.12331752454796541,-0.056381771108489964
1990,55,-0.21972615993424705,0.11149808647176562,-0.12492029399246929,-0.07599716909667065,-0.02329776811488482,0.05323909085026607,0.1018686225375155,0.03377213121989535,0.08017356013009813,0.33451894728004583
2000,55,-0.3193854852767102,0.1824999872176225,-0.3443755563689934,0.4131154075484488,-0.07428575660198056,0.41451055237464157,-0.2662470135678685,-0.07401005636251465,0.24353257785959714,-0.06856719676830081
1960,56,-0.5824228494684938,NA,NA,NA,NA,NA,NA,NA,NA,NA
1970,56,-0.38404230203013756,0.014185089598757195,0.2881262262436446,-0.03308686041574582,0.08093254584360854,-0.38880352221477155,-1.7877155751477325,0.05764668572549492,0.095565950357688,0.4822914108371171
1980,56,0.028980835709588648,0.21637589795394918,0.12744493825374117,-0.8186545551223461,0.030706020661649902,-0.12233003494843542,-1.0183376308166756,0.07865132635214733,0.03245061112900394,0.14129291181733072
1990,56,0.3548082090657527,0.2442357915636153,-0.4311510034177068,-0.19175487110533881,-0.026078097180904758,0.018787037252308347,0.6003122735232131,-0.10318246646602991,-0.07087106578530689,-0.10318927919855697
2000,56,0.5826761067232902,-0.4747967791163208,0.015579838920321054,1.0434962866434305,-0.0855604693243538,0.4923465199108983,2.205740932441194,-0.03311554561161212,-0.05714549570138516,-0.5203950434558908
1960,57,0.10180948753150576,NA,NA,NA,NA,NA,NA,NA,NA,NA
1970,57,0.08694914796986242,-0.02597404871257314,0.282753757657237,0.14955988095623696,0.01573460240274656,-0.06211201237828434,0.31182134160489083,-0.21538272554574564,-0.07426477484387572,-0.03307472679091522
1980,57,0.015930902709587635,0.07849919365519198,0.2846480408038441,0.1626915834566739,0.002654238324753727,0.015284825800840007,0.177378043188674,-0.052590286462915636,-0.057117073552543696,0.13423310171283703
1990,57,-0.04163937493424574,0.10240499753818966,-0.14687733951952667,0.21769502805787933,-0.007292546816829809,-0.01705852558130405,-0.17395250825531608,0.022330938331057704,-0.011175696097458387,-0.11024908930305066
2000,57,-0.16305016327670996,-0.15493014248080872,-0.4205244589415543,-0.5299464924707903,-0.01109629391067049,0.06388571215874833,-0.3152468765382488,0.2456420736776035,0.14255754449387775,0.009090714381128795
1960,58,-0.3847431438684943,NA,NA,NA,NA,NA,NA,NA,NA,NA
1970,58,-0.016270913430137313,0.03942719446297216,-0.13793389121755562,0.04840054165731722,0.04926526329830043,-0.25383133745798825,-0.1771313946335783,0.10014447040196994,0.18640523190592995,-1.2897209253907749
1980,58,0.0025049343095879806,-0.019876819960500502,-0.18836278039074494,0.25043324582786275,0.021009973554215078,-0.1352447984715333,-0.060593111383566156,-0.26625549621028777,0.025101341475048833,-0.3317143651837401
1990,58,0.173701440665754,-0.16465690662116733,-0.004156543593653028,-0.16816818858238358,-0.009793729197192048,-0.05272543179588124,0.077684795088233,-0.1282831957399203,-0.06302560886451358,1.0052009072069372
2000,58,0.22480768232328963,0.1451065321186955,0.3304532152019537,-0.1306655989027965,-0.06048150765532345,0.4418015677254029,0.16003971092891145,0.2943942215482382,-0.1484809645164653,0.6162343833675776
1960,59,-0.33326743326849384,NA,NA,NA,NA,NA,NA,NA,NA,NA
1970,59,-0.24943091783013804,0.04420685813232855,-1.1839269666297225e-4,0.4745419049558087,0.05736793478773483,0.466189647537871,1.3078992368513154,1.6362121845593949,0.08303674502268854,0.21401862686636064
1980,59,-0.07878271209041154,0.11480617479823974,-0.07297149857833665,-0.026041707437188144,0.02401968305488278,-0.18207055185572862,-0.1517454999753618,-0.057297479818279706,0.05068127755022833,0.46604417662403597
1990,59,0.23049101726575338,0.12795973990381532,0.11777513475872986,-0.18463229173819817,-0.017365668177380694,-0.29178158538132326,-0.49092956727191023,-0.77755140144028,-0.04740028085498871,-0.11730889940754413
2000,59,0.43099004592328993,-0.28697277283438366,-0.044685243483730264,-0.26386790578042246,-0.06402194966523689,0.007662489699180819,-0.6652241696040435,-0.8013633033008349,-0.08631774171792822,-0.5627539040828524
1960,60,-0.03677987826849405,NA,NA,NA,NA,NA,NA,NA,NA,NA
1970,60,0.033981057169861995,0.32039088857472686,-0.40585656376579915,0.038627925921926654,0.08110982471466316,-0.1437532675708591,-0.21345615931772546,-0.1500256619486972,0.331476393605753,0.10106166519446314
1980,60,-0.05598364409041112,-0.06162337237963467,-0.16383629336584038,-0.1419811640224573,0.03190568458432977,0.07144671781993056,-0.029445984963040545,-0.013924847980922694,0.0734495465733016,0.2683694936982155
1990,60,0.04869082926575308,-0.07980322152410824,0.4819350706808847,-0.13396185264532123,-0.02542298034604934,-0.12466629834202442,0.10417952566928312,0.01697460887161495,-0.16954924237816305,0.02388730268232786
2000,60,0.010091635923289655,-0.17896429467098396,0.08775778645075483,0.23731509074585166,-0.08759252895294367,0.19697284809295296,0.13872261861148294,0.14697590105800507,-0.23537669780089177,-0.39331846157500605
1960,61,0.03263975813150677,NA,NA,NA,NA,NA,NA,NA,NA,NA
1970,61,0.07316838356986222,0.15500065076683156,-0.9405339809087199,0.49436698191590567,0.07962624483269937,-0.5190897833084271,-0.27984606519322686,0.14263355495915775,0.27985123997941885,0.10106166519446314
1980,61,-0.028469747690412772,-0.2792544266465069,-0.16406987895655378,-0.5327394119831954,0.032408877099449424,-0.036392169410897623,-0.07150112548926182,-0.02598069811247461,0.028855264055992924,0.2683694936982155
1990,61,0.030776271665753585,0.03971934355985485,0.7685445904861985,0.008869636272948789,-0.025943333899046295,0.028918920596928632,0.20277840814386738,-0.1888331341849021,-0.12124265282273683,0.02388730268232786
2000,61,-0.10811466567670958,0.0845344323198205,0.33605926937907427,0.02950279379434062,-0.08609178803310252,0.5265630321223961,0.14856878253862127,0.07218027733821875,-0.1874638512126745,-0.39331846157500605
1960,62,-0.06981890146849357,NA,NA,NA,NA,NA,NA,NA,NA,NA
1970,62,-0.11768863203013802,-0.0861936581188304,-0.04566758288577155,-0.23218718407604166,0.059487083932777796,-1.5972383762493219,0.28874085305136166,-1.0355301610859444,-0.2503469099348669,0.47170169568037656
1980,62,0.23316989570958824,-0.09466322222413459,-0.06152580463338109,0.06764683334928345,0.01910559159213196,0.27015558264947126,0.14970392386721412,0.8490308936497002,-0.0585153877080411,0.14482281686957754
1990,62,-0.06951773993424681,0.2167488381724283,-0.038026454247092834,0.3053789095371662,-0.021165259691848015,1.2141041148987348,-0.21735399054033813,0.6035437514945274,0.09527717402192237,-0.0996593741463101
2000,62,0.02385537772328994,-0.03589195782946297,0.14521984176624547,-0.14083855881040774,-0.05742741583306171,0.11297867870111755,-0.22109078637823765,-0.41704448405828287,0.21358512362098558,-0.516865138403644
1960,63,-0.5192904204684936,NA,NA,NA,NA,NA,NA,NA,NA,NA
1970,63,-0.3108191090301373,-0.4968189757741369,0.19469198995829368,0.6495903032667315,-0.022008693006593815,0.16815718403701396,-0.25657166989870606,0.04339232781993174,-0.1861084155876291,-0.784944502919483
1980,63,-0.09681706829041214,-0.15792280464026742,0.0386824137826578,0.2489628886893871,-0.002801772762029763,-0.08811208894983968,-0.1936755524138671,0.05218815839789798,-0.052033861268853746,-0.010493005429281554
1990,63,0.4133086380657538,-0.04411954747119595,-0.1340301320302909,-0.339792655642725,0.01322805542765081,-0.122551805400541,-0.05841293962098143,0.11575266255127792,0.0855949794403576,0.23921151086938233
2000,63,0.5136179597232893,0.6988613278856,-0.09934427171066063,-0.5587605363133934,0.011582410340972769,0.04250671031336695,0.5086601619335546,-0.21133314876910758,0.15254729741612524,0.5562259974793822
1960,64,0.23475480833150653,NA,NA,NA,NA,NA,NA,NA,NA,NA
1970,64,0.4025478677698626,-0.35383304359618317,0.1416680608663572,-0.7727053795323084,0.07840687398303858,0.043545618439053566,-0.25204047267836677,-0.5588870696371313,-0.21383639278448374,0.030463564149527
1980,64,0.18559829950958773,-0.02484653612705645,-0.019013227123546583,0.02587853402511686,0.028788334437060414,0.2385848580331676,-0.18311945681490555,0.4399282933651816,-7.820937219098489e-4,0.09893405119036913
1990,64,-0.268877184134247,0.33948545143993875,0.019435601068398034,0.42983101810384117,-0.025779122154776846,0.06778079601499741,0.5805800554643958,0.5537298647062303,0.18576383799985052,-0.1455481398255185
2000,64,-0.5540237914767097,0.039194128283301044,-0.14209043481120853,0.3169958274033502,-0.08141608626532215,-0.3499112724872186,-0.14542012597112364,-0.4347710884342808,0.028854648506542846,0.016150524485622153
1960,65,-0.03459698946849343,NA,NA,NA,NA,NA,NA,NA,NA,NA
1970,65,0.029528970969861845,-0.35381717796499784,-0.1533505402046384,0.5650311434007814,0.08443289673994003,0.11724086309780823,-0.3220957838568016,-0.576682892876879,0.2598079341058763,0.03399346920177404
1980,65,0.21938505670958897,0.18558274487873908,-0.2290066731748726,0.18008686726568368,0.03182168162642485,-0.1509279267833566,-0.09898194474685051,-0.3500561749621165,-0.02202007014769669,0.20130129770552618
1990,65,-0.2585635199342473,0.5576700955010773,0.05143682699613064,0.3417916559237736,-0.02650954760345231,-0.06815066216924176,0.2847648972851459,0.3174871362048081,-0.11630269107077995,0.04153682794356173
2000,65,0.04424648172328993,-0.3894356624148184,0.3309203863833804,-1.0869096665902387,-0.08974503076291274,0.10183772585478995,0.1363128313185062,0.6092519316341872,-0.12148517288739985,-0.27683159485086206
1960,66,-0.050778336068493246,NA,NA,NA,NA,NA,NA,NA,NA,NA
1970,66,-0.043104559630137373,-0.35062959820706,0.18745083664617895,0.02526086419274315,-0.01877574773208809,0.33048099819389837,-0.09847236006892612,-0.12096326394889356,-0.1727918446382752,0.3340353986427518
1980,66,-0.11791269389041226,-0.16242500059909942,0.07161798207324382,0.15864018670970986,-0.011738109107754486,0.28787199762753685,-0.08913427754431547,-0.0817132334445636,-0.005076627002789505,0.2754293038027087
1990,66,0.10807115646575305,-0.06576590089324391,-0.07867034703122056,8.817814590546535e-4,0.005606376755652977,-0.06204898224419181,0.08667197261563486,-0.03604431114990403,0.0448703040764572,-0.4067611136917815
2000,66,0.10372443312328983,0.5788204996994034,-0.18039847168820256,-0.18478283236150786,0.0249074800841896,-0.5563040135772434,0.10093466499760673,0.23872080854336153,0.1329981675646075,-0.2027035887536791
1960,67,0.43021656633150696,NA,NA,NA,NA,NA,NA,NA,NA,NA
1970,67,0.3379008367698628,0.01638628503556583,0.2675706942608673,-0.25041589314294677,0.05263417081287139,-1.7939569278804681,0.33240441564292367,-0.014339618622710715,0.231790403515592,0.7858632453303417
1980,67,-0.24286669649041204,-0.2651128146213759,0.11810151462520602,-0.5772137551183225,0.01787464662218713,3.0682563501999836,-0.06832237678805037,-0.19669524417775142,0.4165349728196325,-0.2611162641388042
1990,67,-0.36986309313424637,0.1095811480442428,-0.12001499658748815,0.33374264107830154,-0.021986054718273224,1.4049427470316438,0.02386501131026425,0.17694792169257556,-0.15020052395310124,0.20038255529466742
2000,67,-0.15538761347671026,0.1391453815415673,-0.2656572122985852,0.49388700718296774,-0.04852276271678527,-2.679242169351159,-0.2879470501651376,0.034086941107887014,-0.49812485238212334,-0.725129536486205
1960,68,0.005355995131506974,NA,NA,NA,NA,NA,NA,NA,NA,NA
1970,68,-0.060273010430137886,0.03286665757219404,-0.3453578957710346,0.06573722974641827,0.06226253938545406,-0.13934992020981535,-0.1248449912231816,0.40027472851283774,0.3410174527556131,0.10106166519446314
1980,68,-0.11138639369041203,-0.1307820975079359,0.06858136939396997,-0.24410990899430818,0.03352538985573511,-0.18118170510310333,0.003264722033201606,0.12505131931842262,0.03012258892725428,0.2683694936982155
1990,68,0.06732049366575343,-0.00600108940513721,0.117307963577303,-0.08106046240057374,-0.020537495039627512,0.032487979998314126,0.09903108841185321,-0.1861366057436808,-0.16799148261071073,0.02388730268232786
2000,68,0.09898291532328973,0.10391652934087905,0.15946856279976163,0.2594331416484632,-0.07525043420156162,0.2880436453146045,0.022549180778126843,-0.33918944208757956,-0.20314855907215668,-0.39331846157500605
1960,69,-0.07297149046849394,NA,NA,NA,NA,NA,NA,NA,NA,NA
1970,69,-0.062109661030137486,-0.13057258362202506,-0.6828890743518645,-0.033046742119169914,-0.1761734444778127,0.22366234543883284,-0.009076268591196923,0.5866268277519475,0.3000156422951208,0.10106166519446314
1980,69,-0.07298882929041173,-0.20037934804395818,-0.4305910379605167,-0.2058937804696932,-0.04788652830425,-0.004895733818649384,0.027289268062022476,0.024878621398347622,0.003908387549611758,0.2683694936982155
1990,69,0.07803906906575375,0.10843734400504218,0.8598765564551294,-0.01395609275366716,0.05063774830429968,-0.09321137281216381,0.06678702924816615,-0.2865968666586568,-0.11264481302873586,0.02388730268232786
2000,69,0.13003091172328962,0.222514587660941,0.2536035558572527,0.2528966153425307,0.17342222447776323,-0.12555523880801972,-0.0850000287189916,-0.32490858249163823,-0.19127921681599624,-0.39331846157500605
1960,70,0.19705136993150596,NA,NA,NA,NA,NA,NA,NA,NA,NA
1970,70,-0.05598222763013716,-0.11089222284017936,0.12461631274428059,0.20476014066378445,0.08341635091831567,3.7968634776354158,-0.07511760873239237,-0.02835185481992397,0.3540248543419904,0.7187950493376526
1980,70,0.0196105461095879,-0.020216452437130716,-0.018312470351406263,-0.40808874900365955,0.0321622350813785,-1.2161946027730728,-0.007393534730528839,-0.03002498635980766,0.012442325992413572,-0.8929692684909808
1990,70,-0.1390347915342467,0.06782772122741904,-0.18074725017296633,-0.05697565634456825,-0.026467375386780456,-1.4509536148218947,0.07459632972931785,0.07198188411750295,-0.14927535767252387,-0.33263310759459874
2000,70,-0.021644896876710007,0.06328095404989098,0.07444340778009217,0.2603042646844429,-0.08911121061291366,-1.1297152600404488,0.00791481373360381,-0.013605042937771372,-0.21719182266188009,0.5068073267479268
1960,71,0.22650811653150638,NA,NA,NA,NA,NA,NA,NA,NA,NA
1970,71,0.21303830996986162,0.2875886881209826,-0.07743522322279078,0.4163928066567697,0.043719133049088865,0.15699989864983763,0.22328983605674463,0.14646035121972512,0.03389500885684632,-0.14250178341056574
1980,71,0.09203100070958858,0.4580810929286188,0.016024611483460183,0.24374774978984282,0.014538323452805285,0.2937621529732518,0.12840244572458331,-0.026323152950043505,0.06401213365715225,0.39191617052685324
1990,71,-0.1647013669342463,-0.22179886546766137,0.25629139005176255,-0.11959569195201325,-0.014392932878374426,0.01693207346023208,-0.10658705820413356,-0.134264240494675,-0.046097509693719896,0.1474339795109656
2000,71,-0.36687606027671005,-0.5238709155819401,-0.1948807783124319,-0.5405448644945994,-0.043864523623519724,-0.4676941250833214,-0.2451052235771945,0.014127042224993613,-0.05180963282027873,-0.39684836662725265
1960,72,0.256946287131506,NA,NA,NA,NA,NA,NA,NA,NA,NA
1970,72,0.3299561745698625,2.6711686237602463,0.1806768545154911,-0.3706322141777991,0.07049962888713673,-0.9337261436691694,1.9264963875081207,-0.0019602037704113673,-0.050489011488292546,0.7540940998601203
1980,72,0.11837584830958803,2.9696842052408994,0.09941466736813576,0.08876765459908065,0.024594703031434073,-1.059422279238755,0.5934344919012591,0.5488948959340703,0.09082614067175121,-0.32112465002699964
1990,72,-0.13437500733424668,-2.768486552728083,-0.04246458047064705,0.5439895961834119,-0.023775672476687548,0.9736193439834965,-1.1113501409984894,-0.26033935962848387,0.1767852358734472,-0.8197600048046566
2000,72,-0.5709033026767101,-2.8723662762730635,-0.2376269414129799,-0.2621250366046932,-0.07131865944188331,1.0195290789244282,-1.4085807384108904,-0.28659533253517494,-0.2171223650569063,0.38679055497153586
1960,73,0.16896973193150622,NA,NA,NA,NA,NA,NA,NA,NA,NA
1970,73,0.11519043536986207,0.06800571444894571,0.026510364644662054,0.1309218406435061,0.06530023279831815,0.18419220647935752,0.2724471614685712,-0.40170272368121096,-0.11673128447043646,0.5917184674567679
1980,73,-0.007696040890411204,-0.05500834558222095,-0.08651946283971235,-0.36853510427122527,0.023234940246434604,0.017269082163854588,-0.19019152673234352,-0.4267275691398764,0.03482003483052387,0.7590262959605201
1990,73,-0.016399870534246297,-0.0950384079468326,-0.10039380696756461,0.7852939124962769,-0.023562622156349744,-0.008232209244738331,-0.15686650582466777,0.36224254548480084,0.11050657810481679,-0.07847994383282936
2000,73,-0.2600642558767108,0.08204103908010785,0.16040290516261507,-0.5476806488685579,-0.06497255088840304,-0.19322907939847367,0.07461087108844006,0.4661877473362863,-0.028595328464904535,-1.2722648195844586
